site,borough,crashes,observed_rate,expected_rate,base_rate,excess,excess_z,excess_lower_95,latitude,longitude,top_factors
2 AVENUE @ EAST 40 STREET,MANHATTAN,31,0.871,0.5721,0.3444,0.2787,3.9014,0.1387,40.74854,-73.97315,Driver Inattention/Distraction; Backing Unsafely
EAST 161 STREET @ MELROSE AVENUE,BRONX,53,0.7736,0.5337,0.3385,0.2197,3.9445,0.1105,40.82419,-73.91385,Driver Inattention/Distraction; Traffic Control Disregarded
EAST 149 STREET @ PARK AVENUE,BRONX,31,0.6452,0.3735,0.3427,0.2515,3.3925,0.1062,40.818012,-73.92519,Driver Inattention/Distraction; Traffic Control Disregarded
CROSS BRONX EXPRESSWAY @ RANDALL AVENUE,BRONX,28,0.7143,0.4205,0.3653,0.2736,3.1986,0.106,40.824715,-73.82474,Driver Inattention/Distraction; Following Too Closely
AVENUE C @ OCEAN PARKWAY,BROOKLYN,38,0.7895,0.5227,0.3726,0.2467,3.3496,0.1023,40.640915,-73.97364,Driver Inattention/Distraction; Alcohol Involvement
AVENUE U @ GERRITSEN AVENUE,BROOKLYN,31,0.8387,0.5604,0.3629,0.2582,3.2299,0.1015,40.601734,-73.935036,Driver Inattention/Distraction; Failure To Yield Right-Of-Way
AVENUE D @ KINGS HIGHWAY,BROOKLYN,38,0.7368,0.478,0.3809,0.2387,3.3363,0.0985,40.642384,-73.925385,Driver Inattention/Distraction; Turning Improperly
EAST 37 STREET @ LEXINGTON AVENUE,MANHATTAN,25,0.8,0.5193,0.3547,0.2606,3.1144,0.0966,40.748302,-73.97835,Driver Inattention/Distraction; Failure To Yield Right-Of-Way
CHURCH AVENUE @ FLATBUSH AVENUE,BROOKLYN,42,0.7619,0.5244,0.3628,0.2174,3.4639,0.0944,40.650387,-73.95872,Driver Inattention/Distraction; Failure To Yield Right-Of-Way
BELT PARKWAY @ KNAPP STREET,BROOKLYN,32,0.6875,0.4115,0.3707,0.2559,3.0969,0.0939,40.585438,-73.931274,Driver Inattention/Distraction; Failure To Yield Right-Of-Way
LINDEN BOULEVARD @ MALTA STREET,BROOKLYN,26,0.6923,0.4053,0.3578,0.2669,3.0052,0.0928,40.657555,-73.894196,Following Too Closely; Driver Inattention/Distraction
DREW STREET @ LINDEN BOULEVARD,BROOKLYN,40,0.675,0.4315,0.3685,0.2234,3.208,0.0869,40.669724,-73.86097,Driver Inattention/Distraction; Other Vehicular
EAST 174 STREET @ JEROME AVENUE,BRONX,26,0.6538,0.383,0.3381,0.2507,2.9518,0.0842,40.84543,-73.91399,Driver Inattention/Distraction; Other Vehicular
FEATHERBED LANE @ MACOMBS ROAD,BRONX,43,0.7674,0.5427,0.3646,0.2046,3.2941,0.0828,40.845436,-73.91708,Driver Inattention/Distraction; Failure To Yield Right-Of-Way
4 AVENUE @ 65 STREET,BROOKLYN,31,0.6774,0.4285,0.3734,0.2288,3.0189,0.0802,40.638264,-74.021095,Driver Inattention/Distraction; Failure To Yield Right-Of-Way
MOSHOLU PARKWAY @ WEST GUN HILL ROAD,BRONX,37,0.7027,0.4503,0.3533,0.2322,2.9653,0.0787,40.884346,-73.88706,Driver Inattention/Distraction; Failure To Yield Right-Of-Way
I 678 @ LINDEN PLACE,QUEENS,36,0.6667,0.4276,0.3715,0.2189,2.9246,0.0722,40.771347,-73.83339,Driver Inattention/Distraction; Driver Inexperience
150 STREET @ ARCHER AVENUE,QUEENS,27,0.7407,0.5061,0.3521,0.2145,2.9421,0.0716,40.701458,-73.80414,Driver Inattention/Distraction; Failure To Yield Right-Of-Way
EAST 135 STREET @ LINCOLN AVENUE,BRONX,49,0.6327,0.4199,0.3376,0.1926,3.0312,0.068,40.809044,-73.92856,Traffic Control Disregarded; Driver Inattention/Distraction
EAST 149 STREET @ EXTERIOR STREET,BRONX,38,0.6579,0.4402,0.3424,0.1976,2.9441,0.066,40.819317,-73.93032,Driver Inattention/Distraction; Passing Or Lane Usage Improper
FRANCIS LEWIS BOULEVARD @ JAMAICA AVENUE,QUEENS,36,0.6667,0.4322,0.3507,0.2143,2.8243,0.0656,40.713875,-73.75405,Driver Inattention/Distraction; Turning Improperly
EAST 233 STREET @ WHITE PLAINS ROAD,BRONX,40,0.625,0.4021,0.3363,0.2028,2.8874,0.0651,40.89341,-73.85737,Driver Inattention/Distraction; Failure To Yield Right-Of-Way
EAST 120 STREET @ PARK AVENUE,MANHATTAN,25,0.76,0.5002,0.3372,0.2396,2.6909,0.0651,40.801865,-73.94135,Driver Inattention/Distraction; Traffic Control Disregarded
91 AVENUE @ WOODHAVEN BOULEVARD,QUEENS,38,0.8421,0.6319,0.3473,0.1901,2.9477,0.0637,40.689842,-73.850075,Failure To Yield Right-Of-Way; Following Too Closely
MAJOR DEEGAN EXPRESSWAY @ WEST 230 STREET,BRONX,50,0.58,0.3731,0.3615,0.1867,2.9486,0.0626,40.876476,-73.90449,Driver Inattention/Distraction; Following Too Closely
FRANCIS LEWIS BOULEVARD @ LINDEN BOULEVARD,QUEENS,25,0.68,0.427,0.3634,0.2328,2.6576,0.0611,40.69612,-73.746185,Driver Inattention/Distraction; Failure To Yield Right-Of-Way
BROOK AVENUE @ EAST 149 STREET,BRONX,32,0.75,0.5274,0.3642,0.2025,2.7966,0.0606,40.814936,-73.914958,Driver Inattention/Distraction; Following Too Closely
AVENUE J @ REMSEN AVENUE,BROOKLYN,28,0.8929,0.6638,0.3779,0.2089,2.7468,0.0598,40.638577,-73.90413,Driver Inattention/Distraction; Failure To Yield Right-Of-Way
AVENUE J @ EAST 92 STREET,BROOKLYN,26,0.7308,0.4698,0.3474,0.2408,2.5882,0.0584,40.63947,-73.902756,Driver Inattention/Distraction; Failure To Yield Right-Of-Way
EAST 149 STREET @ GRAND CONCOURSE,BRONX,84,0.6786,0.5145,0.3408,0.1439,3.1245,0.0536,40.818558,-73.92732,Traffic Control Disregarded; Driver Inattention/Distraction
AVENUE U @ OCEAN PARKWAY,BROOKLYN,46,0.7174,0.5187,0.3831,0.1785,2.7354,0.0506,40.59783,-73.96549,Driver Inattention/Distraction; Failure To Yield Right-Of-Way
BRUCKNER BOULEVARD @ TIFFANY STREET,BRONX,87,0.5287,0.3641,0.3464,0.1445,2.9878,0.0497,40.817795,-73.89319,Driver Inattention/Distraction; Turning Improperly
AVENUE P @ OCEAN AVENUE,BROOKLYN,26,0.7692,0.5353,0.3827,0.2138,2.5419,0.0489,40.61095,-73.9536,Driver Inattention/Distraction; Failure To Yield Right-Of-Way
BAYCHESTER AVENUE @ GIVAN AVENUE,BRONX,31,0.6774,0.4505,0.3437,0.2068,2.5671,0.0489,40.877476,-73.83661,Unsafe Speed; Reaction To Uninvolved Vehicle
1 AVENUE @ EAST 42 STREET,MANHATTAN,52,0.5769,0.3877,0.343,0.169,2.7435,0.0483,40.7488,-73.96986,Driver Inattention/Distraction; Following Too Closely
168 STREET @ GRAND CENTRAL PARKWAY,QUEENS,69,0.5652,0.3926,0.361,0.1524,2.8431,0.0473,40.717354,-73.79803,Driver Inattention/Distraction; Following Too Closely
CHURCH AVENUE @ UTICA AVENUE,BROOKLYN,58,0.6207,0.4389,0.3632,0.1617,2.759,0.0468,40.651733,-73.93039,Driver Inattention/Distraction; Passing Or Lane Usage Improper
1 AVENUE @ EAST 30 STREET,MANHATTAN,28,0.6071,0.3852,0.3277,0.2017,2.5504,0.0467,40.741272,-73.97535,Driver Inattention/Distraction; Unsafe Lane Changing
LINDEN BOULEVARD @ SOUTH CONDUIT AVENUE,QUEENS,73,0.5205,0.3504,0.3663,0.15,2.8357,0.0463,40.67163,-73.8529,Following Too Closely; Driver Inattention/Distraction
18 AVENUE @ OCEAN PARKWAY,BROOKLYN,50,0.72,0.5352,0.3557,0.1646,2.7024,0.0452,40.63311,-73.97217,Driver Inattention/Distraction; Failure To Yield Right-Of-Way
CYPRESS AVENUE @ VERMONT PLACE,QUEENS,69,0.6087,0.4398,0.3444,0.1487,2.7913,0.0443,40.691433,-73.89063,Failure To Yield Right-Of-Way; Following Too Closely
2 AVENUE @ EAST 116 STREET,MANHATTAN,39,0.7179,0.5305,0.3501,0.1673,2.6507,0.0436,40.797005,-73.937775,Driver Inattention/Distraction; Failure To Yield Right-Of-Way
EAST 59 STREET @ FLATLANDS AVENUE,BROOKLYN,34,0.6471,0.4363,0.3647,0.1906,2.5247,0.0426,40.63147,-73.91955,Driver Inattention/Distraction; Passing Or Lane Usage Improper
3 AVENUE @ CLAREMONT PARKWAY,BRONX,39,0.7179,0.5252,0.3508,0.1726,2.5662,0.0408,40.838196,-73.901184,Driver Inattention/Distraction; Failure To Yield Right-Of-Way
AVENUE O @ OCEAN PARKWAY,BROOKLYN,26,0.7308,0.4917,0.3709,0.2189,2.4018,0.0403,40.611954,-73.96817,Driver Inattention/Distraction; Passing Or Lane Usage Improper
FRANCIS LEWIS BOULEVARD @ HILLSIDE AVENUE,QUEENS,38,0.6842,0.4836,0.345,0.1805,2.5185,0.04,40.72106,-73.75945,Driver Inattention/Distraction; Unsafe Lane Changing
EAST 165 STREET @ GRAND CONCOURSE,BRONX,41,0.7561,0.5695,0.3453,0.1665,2.5474,0.0384,40.83091,-73.92047,Driver Inattention/Distraction; Failure To Yield Right-Of-Way
EUCLID AVENUE @ LINDEN BOULEVARD,BROOKLYN,36,0.7222,0.5169,0.3875,0.1851,2.4629,0.0378,40.667953,-73.87007,Driver Inattention/Distraction; Traffic Control Disregarded
BRUCKNER BOULEVARD @ FAILE STREET,BRONX,36,0.6111,0.4049,0.3564,0.1861,2.4575,0.0377,40.821358,-73.889114,Unsafe Lane Changing; Following Too Closely
CROTONA AVENUE @ EAST TREMONT AVENUE,BRONX,28,0.8571,0.6488,0.3514,0.1882,2.4489,0.0376,40.84541,-73.891136,Driver Inattention/Distraction; Failure To Yield Right-Of-Way
2 AVENUE @ EAST 126 STREET,MANHATTAN,37,0.6216,0.4202,0.3388,0.1813,2.4498,0.0362,40.803425,-73.93309,Traffic Control Disregarded; Driver Inattention/Distraction
CROSS ISLAND PARKWAY @ HEMPSTEAD AVENUE,QUEENS,149,0.5436,0.412,0.3503,0.1115,2.8755,0.0355,40.71122,-73.72827,Driver Inattention/Distraction; Following Too Closely
EAST 80 STREET @ FOSTER AVENUE,BROOKLYN,25,0.64,0.4035,0.3345,0.2164,2.3377,0.035,40.640583,-73.91894,Driver Inattention/Distraction; Failure To Yield Right-Of-Way
30 AVENUE @ 31 STREET,QUEENS,30,0.7667,0.5664,0.3664,0.1801,2.4103,0.0336,40.766884,-73.921394,Driver Inattention/Distraction; Following Too Closely
FLATBUSH AVENUE @ PLAZA STREET EAST,BROOKLYN,34,0.6471,0.4497,0.3753,0.1772,2.3971,0.0323,40.675236,-73.971054,Driver Inattention/Distraction; Passing Too Closely
BAISLEY BOULEVARD @ ROCKAWAY BOULEVARD,QUEENS,36,0.6667,0.4644,0.3509,0.1821,2.357,0.0307,40.672382,-73.78574,Driver Inattention/Distraction; Traffic Control Disregarded
BRUCKNER BOULEVARD @ EAST 140 STREET,BRONX,32,0.5938,0.3847,0.3272,0.1889,2.3386,0.0306,40.80549,-73.91031,Driver Inattention/Distraction; Traffic Control Disregarded
150 STREET @ LIBERTY AVENUE,QUEENS,26,0.5385,0.3322,0.3557,0.1861,2.3253,0.0292,40.697872,-73.802376,Driver Inattention/Distraction; Passing Too Closely
LENOX ROAD @ UTICA AVENUE,BROOKLYN,35,0.7143,0.5178,0.3624,0.1763,2.3491,0.0292,40.655334,-73.93077,Driver Inattention/Distraction; Passing Or Lane Usage Improper
3 AVENUE @ EAST 180 STREET,BRONX,30,0.7,0.4983,0.3521,0.1816,2.3254,0.0285,40.85071,-73.89408,Driver Inattention/Distraction; Other Vehicular
3 AVENUE @ EAST 138 STREET,BRONX,52,0.6923,0.5285,0.3423,0.1437,2.4412,0.0283,40.81108,-73.9273,Driver Inattention/Distraction; Traffic Control Disregarded
BROOKVILLE BOULEVARD @ MERRICK BOULEVARD,QUEENS,37,0.7027,0.5094,0.375,0.1731,2.3393,0.0281,40.673576,-73.733574,Driver Inattention/Distraction; Failure To Yield Right-Of-Way
CATON AVENUE @ OCEAN AVENUE,BROOKLYN,30,0.6333,0.4345,0.3707,0.1787,2.3125,0.0272,40.65217,-73.96141,Driver Inattention/Distraction; Alcohol Involvement
EAST 116 STREET @ PARK AVENUE,MANHATTAN,29,0.6207,0.4234,0.3447,0.1771,2.3118,0.027,40.799305,-73.94324,Driver Inattention/Distraction; Traffic Control Disregarded
EAST 83 STREET @ FOSTER AVENUE,BROOKLYN,26,0.5769,0.361,0.3608,0.1958,2.2691,0.0267,40.641945,-73.916626,Driver Inattention/Distraction; Passing Too Closely
AVENUE D @ UTICA AVENUE,BROOKLYN,38,0.7368,0.5506,0.3585,0.1661,2.3344,0.0266,40.64213,-73.92936,Failure To Yield Right-Of-Way; Driver Inattention/Distraction
ASTORIA BOULEVARD @ STEINWAY STREET,QUEENS,36,0.6389,0.4549,0.3483,0.1639,2.3366,0.0264,40.76943,-73.91025,Failure To Yield Right-Of-Way; Driver Inattention/Distraction
LINDEN PLACE @ WHITESTONE EXPRESSWAY,QUEENS,44,0.5227,0.3455,0.3567,0.1571,2.3491,0.026,40.769188,-73.837296,Failure To Yield Right-Of-Way; Following Too Closely
HOOK CREEK BOULEVARD @ SOUTH CONDUIT AVENUE,QUEENS,32,0.6875,0.4933,0.3548,0.174,2.3021,0.0259,40.665348,-73.72986,Driver Inattention/Distraction; Failure To Yield Right-Of-Way
ATLANTIC AVENUE @ CRESCENT STREET,BROOKLYN,46,0.6087,0.4357,0.3585,0.1528,2.3529,0.0255,40.681686,-73.87157,Driver Inattention/Distraction; Failure To Yield Right-Of-Way
HUTCHINSON RIVER PARKWAY @ PELHAM PARKWAY,BRONX,25,0.72,0.4951,0.3488,0.2047,2.2388,0.0255,40.856037,-73.83284,Driver Inattention/Distraction; Other Vehicular
BREWER BOULEVARD @ ROCKAWAY BOULEVARD,QUEENS,39,0.5641,0.3823,0.3266,0.1617,2.3019,0.024,40.65616,-73.76736,Driver Inattention/Distraction; Following Too Closely
69 STREET @ BROADWAY,QUEENS,38,0.6053,0.4245,0.3503,0.1606,2.3008,0.0238,40.748993,-73.89687,Driver Inattention/Distraction; Turning Improperly
ERSKINE STREET @ GATEWAY DRIVE,BROOKLYN,35,0.6,0.4107,0.3764,0.1692,2.271,0.0232,40.65289,-73.866745,Driver Inattention/Distraction; Failure To Yield Right-Of-Way
108 STREET @ NORTHERN BOULEVARD,QUEENS,43,0.6744,0.5002,0.3578,0.154,2.2999,0.0228,40.757824,-73.86101,Driver Inattention/Distraction; Following Too Closely
3 AVENUE @ EAST 116 STREET,MANHATTAN,37,0.6757,0.4987,0.3372,0.1568,2.2818,0.0221,40.797943,-73.94003,Driver Inattention/Distraction; Failure To Yield Right-Of-Way
AVENUE M @ ROCKAWAY PARKWAY,BROOKLYN,30,0.7667,0.5703,0.3865,0.1762,2.2408,0.0221,40.637108,-73.89337,Driver Inattention/Distraction; Failure To Yield Right-Of-Way
CHURCH AVENUE @ REMSEN AVENUE,BROOKLYN,30,0.6667,0.4652,0.3557,0.1813,2.2123,0.0207,40.652786,-73.91997,Driver Inattention/Distraction; Failure To Yield Right-Of-Way
ELDERTS LANE @ LINDEN BOULEVARD,BROOKLYN,25,0.72,0.5189,0.3586,0.181,2.2022,0.0199,40.669456,-73.86284,Failure To Yield Right-Of-Way; Driver Inattention/Distraction
135 STREET @ NORTH CONDUIT AVENUE,QUEENS,37,0.4865,0.3072,0.3509,0.1591,2.2274,0.0191,40.666855,-73.80425,Following Too Closely; Passing Or Lane Usage Improper
AVENUE NORTH @ OCEAN PARKWAY,BROOKLYN,31,0.6774,0.4798,0.3667,0.1774,2.1856,0.0183,40.61462,-73.968666,Driver Inattention/Distraction; Failure To Yield Right-Of-Way
73 AVENUE @ FRANCIS LEWIS BOULEVARD,QUEENS,37,0.6216,0.436,0.3612,0.1654,2.1889,0.0173,40.73627,-73.77286,Driver Inattention/Distraction; Passing Or Lane Usage Improper
CLARENDON ROAD @ RALPH AVENUE,BROOKLYN,41,0.6585,0.4841,0.3586,0.1543,2.1881,0.0161,40.64503,-73.91998,Failure To Yield Right-Of-Way; Driver Inattention/Distraction
69 STREET @ QUEENS BOULEVARD,QUEENS,47,0.7021,0.5521,0.3505,0.1299,2.1807,0.0131,40.740273,-73.89586,Driver Inattention/Distraction; Failure To Yield Right-Of-Way
AMSTERDAM AVENUE @ WEST 125 STREET,MANHATTAN,55,0.5818,0.4425,0.358,0.1192,2.1986,0.0129,40.81339,-73.95627,Driver Inattention/Distraction; Failure To Yield Right-Of-Way
CLAREMONT PARKWAY @ WASHINGTON AVENUE,BRONX,27,0.6667,0.4712,0.3387,0.1753,2.1105,0.0125,40.838875,-73.90266,Driver Inattention/Distraction; Passing Or Lane Usage Improper
BRUCKNER BOULEVARD @ LEGGETT AVENUE,BRONX,175,0.5257,0.4262,0.3468,0.0793,2.3134,0.0121,40.813095,-73.89827,Driver Inattention/Distraction; Turning Improperly
BRUCKNER BOULEVARD @ EAST 141 STREET,BRONX,41,0.561,0.3951,0.3426,0.1457,2.1058,0.0101,40.806065,-73.90905,Driver Inattention/Distraction; Passing Too Closely
PENNSYLVANIA AVENUE @ PITKIN AVENUE,BROOKLYN,74,0.5946,0.4656,0.3546,0.1088,2.1388,0.0091,40.67189,-73.895874,Driver Inattention/Distraction; Failure To Yield Right-Of-Way
CONEY ISLAND AVENUE @ KINGS HIGHWAY,BROOKLYN,25,0.68,0.4802,0.3726,0.1796,2.0584,0.0086,40.607338,-73.96188,Turning Improperly; Driver Inattention/Distraction
PELHAM PARKWAY @ WHITE PLAINS ROAD,BRONX,63,0.6825,0.5478,0.3642,0.1146,2.0944,0.0074,40.85662,-73.867615,Driver Inattention/Distraction; Traffic Control Disregarded
BRUCKNER BOULEVARD @ LINCOLN AVENUE,BRONX,32,0.5938,0.4153,0.3399,0.1583,2.0347,0.0058,40.807705,-73.92954,Driver Inattention/Distraction; Passing Too Closely
CROSS BAY BOULEVARD @ NORTH CONDUIT AVENUE,QUEENS,67,0.5224,0.3887,0.3465,0.1136,2.0611,0.0056,40.66929,-73.842445,Passing Or Lane Usage Improper; Driver Inattention/Distraction
ALBANY AVENUE @ WINTHROP STREET,BROOKLYN,38,0.6579,0.5101,0.3744,0.1276,2.0464,0.0054,40.65777,-73.93961,Driver Inattention/Distraction; Failure To Yield Right-Of-Way
LONG ISLAND EXPRESSWAY @ MAURICE AVENUE,QUEENS,42,0.5476,0.388,0.3274,0.1394,1.9891,0.002,40.72773,-73.90674,Driver Inattention/Distraction; Following Too Closely
BRONX RIVER AVENUE @ WESTCHESTER AVENUE,BRONX,35,0.6,0.4423,0.3366,0.1375,1.9794,0.0013,40.8283,-73.88296,Driver Inattention/Distraction; Failure To Yield Right-Of-Way
2 AVENUE @ EAST 30 STREET,MANHATTAN,25,0.84,0.6546,0.3431,0.1653,1.9737,0.0011,40.742256,-73.977684,Driver Inattention/Distraction; Failure To Yield Right-Of-Way
KINGS HIGHWAY @ NOSTRAND AVENUE,BROOKLYN,33,0.697,0.5241,0.3687,0.1527,1.9717,0.0009,40.616043,-73.94484,Driver Inattention/Distraction; Failure To Yield Right-Of-Way
225 STREET @ SOUTH CONDUIT AVENUE,QUEENS,41,0.5366,0.3763,0.3471,0.1401,1.9589,-0.0001,40.66549,-73.75236,Traffic Control Disregarded; Failure To Yield Right-Of-Way
HILLSIDE AVENUE @ PARSONS BOULEVARD,QUEENS,56,0.6607,0.529,0.3532,0.1115,1.9547,-0.0003,40.707714,-73.802795,Driver Inattention/Distraction; Failure To Yield Right-Of-Way
164 STREET @ UNION TURNPIKE,QUEENS,31,0.7097,0.5406,0.3564,0.1489,1.9463,-0.0011,40.721462,-73.804535,Driver Inattention/Distraction; Failure To Yield Right-Of-Way
164 STREET @ GRAND CENTRAL PARKWAY,QUEENS,76,0.5789,0.4574,0.3586,0.1014,1.9395,-0.0011,40.716213,-73.80314,Driver Inattention/Distraction; Failure To Yield Right-Of-Way
BEACH 9 STREET @ SEAGIRT BOULEVARD,QUEENS,31,0.6452,0.4723,0.3584,0.1527,1.9362,-0.0019,40.596687,-73.74421,Failure To Yield Right-Of-Way; Following Too Closely
BOSTON ROAD @ EAST GUN HILL ROAD,BRONX,28,0.6786,0.4959,0.3384,0.1625,1.93,-0.0025,40.8733,-73.853645,Driver Inattention/Distraction; Passing Or Lane Usage Improper
7 AVENUE @ WEST 42 STREET,MANHATTAN,41,0.6585,0.5187,0.359,0.1197,1.919,-0.0026,40.756035,-73.98695,Driver Inattention/Distraction; Failure To Yield Right-Of-Way
EAST FORDHAM ROAD @ WEBSTER AVENUE,BRONX,69,0.6812,0.5664,0.3517,0.0946,1.8988,-0.0031,40.8617,-73.89139,Driver Inattention/Distraction; Failure To Yield Right-Of-Way
ALLEN STREET @ GRAND STREET,MANHATTAN,35,0.6571,0.5028,0.3546,0.1342,1.9071,-0.0037,40.71738,-73.99131,Driver Inattention/Distraction; Failure To Yield Right-Of-Way
2 AVENUE @ EAST 57 STREET,MANHATTAN,49,0.5714,0.4463,0.3301,0.105,1.868,-0.0052,40.759308,-73.9653,Driver Inattention/Distraction; Passing Or Lane Usage Improper
REMSEN AVENUE @ UTICA AVENUE,BROOKLYN,26,0.6538,0.4627,0.3436,0.171,1.8989,-0.0055,40.66323,-73.93161,Driver Inattention/Distraction; Failure To Yield Right-Of-Way
HIGHLAND BOULEVARD @ JAMAICA AVENUE,BROOKLYN,33,0.6364,0.4633,0.3747,0.1529,1.8908,-0.0056,40.68536,-73.8822,Driver Inattention/Distraction; Alcohol Involvement
ATLANTIC AVENUE @ LOGAN STREET,BROOKLYN,128,0.5234,0.4329,0.3521,0.0703,1.7963,-0.0064,40.680016,-73.87743,Driver Inattention/Distraction; Failure To Yield Right-Of-Way
3 AVENUE @ EAST 175 STREET,BRONX,43,0.5581,0.4204,0.3422,0.1176,1.857,-0.0065,40.844177,-73.89744,Driver Inattention/Distraction; Failure To Yield Right-Of-Way
PARK LANE SOUTH @ WOODHAVEN BOULEVARD,QUEENS,31,0.5806,0.4158,0.3447,0.1447,1.8723,-0.0068,40.69756,-73.85275,Passing Or Lane Usage Improper; Traffic Control Disregarded
BRUCKNER BOULEVARD @ BRUSH AVENUE,BRONX,61,0.4754,0.3517,0.3477,0.1036,1.8251,-0.0077,40.828518,-73.84119,Driver Inattention/Distraction; Other Vehicular
BAILEY AVENUE @ WEST KINGSBRIDGE ROAD,BRONX,27,0.7407,0.5849,0.3505,0.1357,1.8519,-0.0079,40.87314,-73.90572,Driver Inattention/Distraction; Failure To Yield Right-Of-Way
BRUCKNER BOULEVARD @ LONGWOOD AVENUE,BRONX,142,0.5282,0.4406,0.3527,0.0675,1.7198,-0.0094,40.815754,-73.89529,Driver Inattention/Distraction; Traffic Control Disregarded
EAST 144 STREET @ GRAND CONCOURSE,BRONX,43,0.6047,0.4604,0.3448,0.1241,1.8181,-0.0097,40.816532,-73.92822,Driver Inattention/Distraction; Failure To Yield Right-Of-Way
BORDEN AVENUE @ VANDAM STREET,QUEENS,75,0.44,0.3346,0.3555,0.0853,1.7539,-0.01,40.739674,-73.934586,Driver Inattention/Distraction; Passing Or Lane Usage Improper
168 STREET @ JAMAICA AVENUE,QUEENS,25,0.64,0.466,0.3673,0.1538,1.84,-0.01,40.70636,-73.792534,Driver Inattention/Distraction; Failure To Yield Right-Of-Way
CHURCH AVENUE @ OCEAN PARKWAY,BROOKLYN,70,0.5571,0.4458,0.3716,0.0912,1.7631,-0.0102,40.644814,-73.97464,Driver Inattention/Distraction; Failure To Yield Right-Of-Way
150 STREET @ SOUTH CONDUIT AVENUE,QUEENS,36,0.5556,0.3996,0.3619,0.1358,1.8225,-0.0102,40.666008,-73.789536,Driver Inattention/Distraction; Driver Inexperience
RIVERSIDE DRIVE @ WEST 165 STREET,MANHATTAN,41,0.4878,0.3494,0.3482,0.1182,1.8032,-0.0103,40.84105,-73.94469,Driver Inattention/Distraction; Other Vehicular
LINDEN BOULEVARD @ PENNSYLVANIA AVENUE,BROOKLYN,153,0.549,0.4683,0.3636,0.0606,1.6757,-0.0103,40.658577,-73.89063,Driver Inattention/Distraction; Turning Improperly
160 STREET @ LIBERTY AVENUE,QUEENS,26,0.7308,0.5693,0.3592,0.1414,1.8196,-0.0109,40.700512,-73.796776,Driver Inattention/Distraction; Failure To Yield Right-Of-Way
48 STREET @ NORTHERN BOULEVARD,QUEENS,48,0.7917,0.6739,0.3433,0.0976,1.7606,-0.0111,40.753677,-73.914474,Failure To Yield Right-Of-Way; Driver Inattention/Distraction
FOSTER AVENUE @ OCEAN PARKWAY,BROOKLYN,48,0.6667,0.5313,0.3692,0.1152,1.7825,-0.0115,40.629986,-73.97157,Driver Inattention/Distraction; Failure To Yield Right-Of-Way
EAST BURNSIDE AVENUE @ GRAND CONCOURSE,BRONX,39,0.7179,0.5783,0.3619,0.1195,1.7758,-0.0124,40.852383,-73.90364,Driver Inattention/Distraction; Failure To Yield Right-Of-Way
BROOKVILLE BOULEVARD @ SOUTH CONDUIT AVENUE,QUEENS,43,0.5116,0.3723,0.3522,0.1192,1.7748,-0.0124,40.665257,-73.739555,Driver Inattention/Distraction; Passing Or Lane Usage Improper
I 678 @ ROCKAWAY BOULEVARD,QUEENS,34,0.6176,0.4499,0.3723,0.1476,1.8031,-0.0128,40.674385,-73.80168,Following Too Closely; Driver Inattention/Distraction
AVENUE D @ EAST 94 STREET,BROOKLYN,25,0.6,0.4192,0.3545,0.1606,1.8142,-0.0129,40.648354,-73.91001,Driver Inattention/Distraction; Traffic Control Disregarded
EAST 116 STREET @ MADISON AVENUE,MANHATTAN,38,0.5263,0.3922,0.3479,0.114,1.7501,-0.0137,40.799984,-73.944855,Driver Inattention/Distraction; Other Vehicular
BRUCKNER BOULEVARD @ EAST 138 STREET,BRONX,161,0.4783,0.4031,0.3486,0.055,1.5558,-0.0143,40.804585,-73.91213,Driver Inattention/Distraction; Traffic Control Disregarded
EAST 34 STREET @ FDR DRIVE,MANHATTAN,30,0.4667,0.3211,0.3416,0.1254,1.7549,-0.0147,40.743187,-73.97207,Driver Inattention/Distraction; Unsafe Lane Changing
3 AVENUE @ 60 STREET,BROOKLYN,59,0.5932,0.4731,0.3658,0.1,1.7,-0.0153,40.64204,-74.0204,Driver Inattention/Distraction; Failure To Yield Right-Of-Way
ROCKAWAY PARKWAY @ WINTHROP STREET,BROOKLYN,36,0.6667,0.5281,0.3675,0.1185,1.7338,-0.0155,40.662743,-73.921936,Failure To Yield Right-Of-Way; Driver Inattention/Distraction
RICHMOND AVENUE @ YUKON AVENUE,STATEN ISLAND,29,0.5517,0.3818,0.3354,0.1497,1.7712,-0.016,40.576965,-74.16974,Driver Inattention/Distraction; Passing Or Lane Usage Improper
20 AVENUE @ I 678,QUEENS,44,0.6136,0.4765,0.3732,0.117,1.7245,-0.016,40.781693,-73.8257,Driver Inattention/Distraction; Traffic Control Disregarded
2 AVENUE @ EAST 37 STREET,MANHATTAN,26,0.4615,0.3069,0.3344,0.1345,1.742,-0.0168,40.74668,-73.9745,Driver Inattention/Distraction; Passing Too Closely
GRAND CENTRAL PARKWAY @ UTOPIA PARKWAY,QUEENS,36,0.6111,0.4513,0.3562,0.1396,1.7411,-0.0176,40.72013,-73.79038,Driver Inattention/Distraction; Following Too Closely
CARPENTER AVENUE @ EAST 233 STREET,BRONX,29,0.5517,0.3871,0.344,0.1445,1.7476,-0.0176,40.894314,-73.86027,Driver Inattention/Distraction; Following Too Closely
ATLANTIC AVENUE @ PENNSYLVANIA AVENUE,BROOKLYN,178,0.4888,0.4196,0.3593,0.049,1.4422,-0.0176,40.675735,-73.89686,Driver Inattention/Distraction; Failure To Yield Right-Of-Way
CASTLE HILL AVENUE @ WESTCHESTER AVENUE,BRONX,26,0.7308,0.5711,0.3576,0.1395,1.7308,-0.0185,40.834198,-73.85169,Driver Inattention/Distraction; Failure To Yield Right-Of-Way
58 STREET @ QUEENS BOULEVARD,QUEENS,36,0.6389,0.5021,0.3359,0.1166,1.6902,-0.0186,40.741863,-73.90751,Driver Inattention/Distraction; Failure To Yield Right-Of-Way
EAST TREMONT AVENUE @ SOUTHERN BOULEVARD,BRONX,39,0.7692,0.6414,0.3561,0.1076,1.6673,-0.0189,40.84271,-73.885666,Driver Inattention/Distraction; Failure To Yield Right-Of-Way
3 AVENUE @ EAST 58 STREET,MANHATTAN,31,0.5806,0.4415,0.3403,0.119,1.6904,-0.019,40.76092,-73.96704,Driver Inattention/Distraction; Passing Or Lane Usage Improper
95 AVENUE @ SUTPHIN BOULEVARD,QUEENS,26,0.6538,0.4849,0.3504,0.1488,1.7326,-0.0195,40.69841,-73.806465,Driver Inattention/Distraction; Failure To Yield Right-Of-Way
FLATLANDS AVENUE @ LOUISIANA AVENUE,BROOKLYN,31,0.6774,0.5298,0.358,0.1275,1.6948,-0.0199,40.65115,-73.890015,Driver Inattention/Distraction; Following Too Closely
80 STREET @ COOPER AVENUE,QUEENS,25,0.64,0.4833,0.3512,0.1366,1.7091,-0.02,40.709415,-73.87022,Failure To Yield Right-Of-Way; Driver Inattention/Distraction
CATON AVENUE @ FLATBUSH AVENUE,BROOKLYN,36,0.5833,0.4397,0.3654,0.1235,1.6742,-0.0211,40.652927,-73.959335,Driver Inattention/Distraction; Failure To Yield Right-Of-Way
CHURCH AVENUE @ KINGS HIGHWAY,BROOKLYN,54,0.5556,0.4353,0.3599,0.1001,1.6014,-0.0224,40.652462,-73.92285,Driver Inattention/Distraction; Driver Inexperience
BRUCKNER EXPRESSWAY @ PELHAM PARKWAY,BRONX,33,0.6061,0.4488,0.3677,0.1371,1.6815,-0.0227,40.8566,-73.82646,Driver Inattention/Distraction; Unsafe Lane Changing
BROOKVILLE BOULEVARD @ ROCKAWAY BOULEVARD,QUEENS,142,0.5,0.4266,0.3611,0.0533,1.3686,-0.023,40.640644,-73.743385,Following Too Closely; Driver Inattention/Distraction
AVENUE U @ OCEAN AVENUE,BROOKLYN,25,0.8,0.6537,0.3783,0.1261,1.6566,-0.0231,40.59938,-73.95141,Driver Inattention/Distraction; Failure To Yield Right-Of-Way
MYRTLE AVENUE @ WOODHAVEN BOULEVARD,QUEENS,50,0.62,0.4983,0.3488,0.1015,1.5912,-0.0235,40.702595,-73.8553,Failure To Yield Right-Of-Way; Driver Inattention/Distraction
FLATBUSH AVENUE @ GLENWOOD ROAD,BROOKLYN,30,0.5333,0.3809,0.3777,0.1322,1.6629,-0.0236,40.634506,-73.949455,Driver Inattention/Distraction; Passing Or Lane Usage Improper
AVENUE I @ OCEAN PARKWAY,BROOKLYN,53,0.6415,0.5269,0.361,0.0944,1.5607,-0.0242,40.626568,-73.970924,Driver Inattention/Distraction; Failure To Yield Right-Of-Way
JAMAICA AVENUE @ WOODHAVEN BOULEVARD,QUEENS,75,0.5733,0.4801,0.3493,0.0731,1.4674,-0.0245,40.69366,-73.85217,Failure To Yield Right-Of-Way; Traffic Control Disregarded
EAST TREMONT AVENUE @ RANDALL AVENUE,BRONX,30,0.5667,0.4178,0.3377,0.1288,1.6404,-0.0251,40.8262,-73.821686,Driver Inattention/Distraction; Failure To Yield Right-Of-Way
3 AVENUE @ EAST 125 STREET,MANHATTAN,41,0.5122,0.3942,0.344,0.0979,1.5498,-0.0259,40.8037,-73.93582,Driver Inattention/Distraction; Other Vehicular
21 STREET @ BROADWAY,QUEENS,35,0.6571,0.5268,0.3496,0.1102,1.5864,-0.0259,40.765224,-73.9317,Driver Inattention/Distraction; Turning Improperly
ASHFORD STREET @ LINDEN BOULEVARD,BROOKLYN,90,0.6,0.5147,0.3669,0.0652,1.3994,-0.0261,40.66278,-73.88086,Driver Inattention/Distraction; Failure To Yield Right-Of-Way
COOPER AVENUE @ METROPOLITAN AVENUE,QUEENS,29,0.6207,0.4726,0.3621,0.1279,1.6261,-0.0263,40.7122,-73.86208,Driver Inattention/Distraction; Following Too Closely
MERRICK BOULEVARD @ SPRINGFIELD BOULEVARD,QUEENS,42,0.5952,0.4736,0.3428,0.1015,1.5498,-0.0269,40.680115,-73.75324,Driver Inattention/Distraction; Failure To Yield Right-Of-Way
30 AVENUE @ STEINWAY STREET,QUEENS,32,0.7188,0.5883,0.3459,0.1103,1.5715,-0.0273,40.763893,-73.914995,Failure To Yield Right-Of-Way; Unsafe Speed
BORDEN AVENUE @ MAURICE AVENUE,QUEENS,103,0.4951,0.4144,0.3349,0.0606,1.3502,-0.0274,40.727207,-73.90742,Driver Inattention/Distraction; Traffic Control Disregarded
AVENUE P @ CONEY ISLAND AVENUE,BROOKLYN,32,0.6875,0.5474,0.3727,0.12,1.5876,-0.0281,40.609985,-73.96239,Driver Inattention/Distraction; Traffic Control Disregarded
CENTRAL PARK WEST @ WEST 65 STREET,MANHATTAN,34,0.7353,0.6049,0.3409,0.1103,1.56,-0.0283,40.77178,-73.9792,Driver Inattention/Distraction; Driver Inexperience
EAST 163 STREET @ WESTCHESTER AVENUE,BRONX,33,0.6061,0.4691,0.3424,0.1168,1.5747,-0.0286,40.821068,-73.89894,Driver Inattention/Distraction; Failure To Yield Right-Of-Way
EAST 233 STREET @ WEBSTER AVENUE,BRONX,88,0.5114,0.4303,0.3475,0.0609,1.3304,-0.0288,40.895374,-73.86356,Driver Inattention/Distraction; Following Too Closely
SKILLMAN AVENUE @ THOMSON AVENUE,QUEENS,38,0.6053,0.4692,0.3376,0.1159,1.5686,-0.0289,40.745235,-73.937706,Driver Inattention/Distraction; Traffic Control Disregarded
FLUSHING AVENUE @ WILLIAMSBURG STREET WEST,BROOKLYN,41,0.6341,0.5144,0.3688,0.0995,1.512,-0.0295,40.698036,-73.962845,Driver Inattention/Distraction; Failure To Yield Right-Of-Way
EAST 161 STREET @ RIVER AVENUE,BRONX,45,0.6222,0.5105,0.3503,0.0916,1.4778,-0.0299,40.827812,-73.92593,Traffic Control Disregarded; Driver Inattention/Distraction
CHRYSTIE STREET @ DELANCEY STREET,MANHATTAN,71,0.6197,0.533,0.357,0.0666,1.3519,-0.03,40.71997,-73.992905,Driver Inattention/Distraction; Failure To Yield Right-Of-Way
12 AVENUE @ WEST 56 STREET,MANHATTAN,46,0.4783,0.3599,0.3482,0.0982,1.4942,-0.0306,40.77074,-73.99455,Driver Inattention/Distraction; Traffic Control Disregarded
GRAND AVENUE @ RUST STREET,QUEENS,27,0.5185,0.3705,0.3328,0.1278,1.5777,-0.031,40.719624,-73.91132,Driver Inattention/Distraction; Following Too Closely
CLAY AVENUE @ WEBSTER AVENUE,BRONX,28,0.7143,0.5684,0.3573,0.1257,1.5719,-0.031,40.840878,-73.90477,Driver Inattention/Distraction; Passing Or Lane Usage Improper
EAST BAY AVENUE @ TIFFANY STREET,BRONX,25,0.48,0.3195,0.3631,0.1403,1.6019,-0.0314,40.80801,-73.88961,Traffic Control Disregarded; Driver Inattention/Distraction
AVENUE H @ FLATBUSH AVENUE,BROOKLYN,40,0.675,0.5667,0.3561,0.0882,1.4439,-0.0315,40.631706,-73.94649,Failure To Yield Right-Of-Way; Driver Inattention/Distraction
EASTCHESTER ROAD @ PELHAM PARKWAY,BRONX,68,0.5882,0.4954,0.3611,0.0727,1.3658,-0.0316,40.857136,-73.843796,Driver Inattention/Distraction; Failure To Yield Right-Of-Way
HYLAN BOULEVARD @ NEW DORP LANE,STATEN ISLAND,98,0.5306,0.4562,0.3404,0.0542,1.2324,-0.032,40.570465,-74.10977,Driver Inattention/Distraction; Failure To Yield Right-Of-Way
LINDEN BOULEVARD @ NOSTRAND AVENUE,BROOKLYN,33,0.6667,0.5302,0.3634,0.1163,1.5317,-0.0325,40.65264,-73.949776,Driver Inattention/Distraction; Failure To Yield Right-Of-Way
109 AVENUE @ VANWYCK EXPRESSWAY,UNKNOWN,29,0.6552,0.5034,0.3629,0.1316,1.5703,-0.0327,,,Driver Inattention/Distraction; Traffic Control Disregarded
ATLANTIC AVENUE @ ROCKAWAY AVENUE,BROOKLYN,65,0.5846,0.4893,0.37,0.0751,1.3608,-0.0331,40.676342,-73.910934,Driver Inattention/Distraction; Traffic Control Disregarded
KENT AVENUE @ WILLIAMSBURG STREET WEST,BROOKLYN,40,0.425,0.3083,0.342,0.0965,1.4582,-0.0332,40.700497,-73.962555,Driver Inattention/Distraction; Passing Or Lane Usage Improper
EAST 176 STREET @ GRAND CONCOURSE,BRONX,41,0.6341,0.5151,0.3524,0.0989,1.4641,-0.0335,40.847813,-73.90754,Driver Inattention/Distraction; Traffic Control Disregarded
CROSS ISLAND PARKWAY @ LINDEN BOULEVARD,QUEENS,104,0.5288,0.4522,0.3415,0.0565,1.23,-0.0335,40.69078,-73.72728,Driver Inattention/Distraction; Following Too Closely
CANAL STREET @ GREENE STREET,MANHATTAN,28,0.4643,0.3248,0.3384,0.1194,1.5233,-0.0342,40.720375,-74.003265,Driver Inattention/Distraction; Failure To Yield Right-Of-Way
BRONX RIVER PARKWAY @ EAST GUN HILL ROAD,BRONX,101,0.5149,0.4432,0.3482,0.0515,1.174,-0.0345,40.87829,-73.87006,Driver Inattention/Distraction; Following Too Closely
COURTLANDT AVENUE @ EAST 149 STREET,BRONX,44,0.5455,0.4382,0.3357,0.0871,1.3997,-0.0349,40.81655,-73.91955,Driver Inattention/Distraction; Failure To Yield Right-Of-Way
BRUCKNER BOULEVARD @ EAST 149 STREET,BRONX,56,0.4464,0.3465,0.3356,0.0798,1.3591,-0.0353,40.8097,-73.90304,Driver Inattention/Distraction; Passing Or Lane Usage Improper
FARMERS BOULEVARD @ ROCKAWAY BOULEVARD,QUEENS,60,0.5167,0.4174,0.3464,0.0791,1.3537,-0.0354,40.65965,-73.773834,Driver Inattention/Distraction; Unsafe Lane Changing
AVENUE M @ OCEAN PARKWAY,BROOKLYN,41,0.7073,0.5903,0.3864,0.0969,1.427,-0.0362,40.617004,-73.96912,Driver Inattention/Distraction; Failure To Yield Right-Of-Way
31 STREET @ BROADWAY,QUEENS,28,0.7143,0.5757,0.3577,0.1185,1.5011,-0.0362,40.76197,-73.92539,Failure To Yield Right-Of-Way; Driver Inattention/Distraction
AVENUE I @ FLATBUSH AVENUE,BROOKLYN,26,0.6923,0.5482,0.3838,0.1239,1.5151,-0.0364,40.629505,-73.94416,Driver Inattention/Distraction; Failure To Yield Right-Of-Way
ATLANTIC AVENUE @ WOODHAVEN BOULEVARD,QUEENS,70,0.5,0.4099,0.3538,0.0699,1.2864,-0.0366,40.68815,-73.84884,Failure To Yield Right-Of-Way; Traffic Control Disregarded
2 AVENUE @ EAST 38 STREET,MANHATTAN,32,0.75,0.6254,0.3423,0.1045,1.4469,-0.0371,40.747295,-73.97405,Driver Inattention/Distraction; Failure To Yield Right-Of-Way
EAST 222 STREET @ WHITE PLAINS ROAD,BRONX,29,0.7931,0.6685,0.3691,0.1045,1.4461,-0.0371,40.885693,-73.86164,Failure To Yield Right-Of-Way; Driver Inattention/Distraction
BORDEN AVENUE @ GREENPOINT AVENUE,QUEENS,62,0.5323,0.4377,0.3418,0.0744,1.3072,-0.0372,40.73715,-73.930824,Driver Inattention/Distraction; Traffic Control Disregarded
AMSTERDAM AVENUE @ WEST 181 STREET,MANHATTAN,81,0.4321,0.3559,0.3549,0.056,1.177,-0.0373,40.848119,-73.930888,Driver Inattention/Distraction; Following Too Closely
WEST HOUSTON STREET @ WEST STREET,MANHATTAN,25,0.6,0.4471,0.3451,0.1328,1.5256,-0.0378,40.72911,-74.01068,Driver Inattention/Distraction; Following Too Closely
AVENUE U @ FLATBUSH AVENUE,BROOKLYN,88,0.5455,0.4703,0.373,0.055,1.1589,-0.038,40.60981,-73.92251,Driver Inattention/Distraction; Failure To Yield Right-Of-Way
ATLANTIC AVENUE @ CARLTON AVENUE,BROOKLYN,36,0.5833,0.4622,0.3812,0.101,1.422,-0.0382,40.682423,-73.97069,Driver Inattention/Distraction; Passing Or Lane Usage Improper
SOUTHERN BOULEVARD @ WESTCHESTER AVENUE,BRONX,45,0.6667,0.5688,0.3416,0.0777,1.3103,-0.0385,40.824654,-73.89194,Failure To Yield Right-Of-Way; Driver Inattention/Distraction
GRAND CENTRAL PARKWAY @ JEWEL AVENUE,QUEENS,108,0.5,0.4316,0.3652,0.0482,1.0883,-0.0386,40.725857,-73.83737,Driver Inattention/Distraction; Following Too Closely
CROSS BRONX EXPRESSWAY @ JEROME AVENUE,BRONX,104,0.4808,0.412,0.3351,0.0486,1.0909,-0.0387,40.845177,-73.91417,Driver Inattention/Distraction; Following Too Closely
CLARENDON ROAD @ KINGS HIGHWAY,BROOKLYN,39,0.5897,0.4648,0.3629,0.1048,1.4281,-0.039,40.64495,-73.9249,Failure To Yield Right-Of-Way; Driver Inattention/Distraction
CITY ISLAND ROAD @ SHORE ROAD,BRONX,35,0.5714,0.4416,0.3495,0.1096,1.4407,-0.0395,40.864655,-73.813866,Driver Inattention/Distraction; Other Vehicular
FLUSHING AVENUE @ WASHINGTON AVENUE,BROOKLYN,25,0.84,0.7167,0.3575,0.1031,1.4126,-0.0399,40.697716,-73.967735,Failure To Yield Right-Of-Way; Driver Inattention/Distraction
GRAND CENTRAL PARKWAY @ UNION TURNPIKE,QUEENS,68,0.5147,0.4225,0.3632,0.072,1.2581,-0.0402,40.72013,-73.79038,Driver Inattention/Distraction; Following Too Closely
175 STREET @ JAMAICA AVENUE,QUEENS,27,0.6667,0.5377,0.3655,0.1088,1.4311,-0.0402,40.707935,-73.78569,Driver Inattention/Distraction; Failure To Yield Right-Of-Way
BROADWAY @ WEST 157 STREET,MANHATTAN,30,0.5667,0.4381,0.3547,0.1084,1.4255,-0.0406,40.83406,-73.944885,Driver Inattention/Distraction; Following Too Closely
BEVERLEY ROAD @ FLATBUSH AVENUE,BROOKLYN,47,0.6383,0.5444,0.372,0.0738,1.2636,-0.0407,40.64507,-73.95803,Driver Inattention/Distraction; Failure To Yield Right-Of-Way
BRADHURST AVENUE @ WEST 145 STREET,MANHATTAN,25,0.68,0.5375,0.35,0.1223,1.4699,-0.0408,40.823257,-73.94293,Driver Inattention/Distraction; Failure To Yield Right-Of-Way
HORACE HARDING EXPRESSWAY @ KISSENA BOULEVARD,QUEENS,36,0.5556,0.4272,0.3628,0.1082,1.423,-0.0408,40.737915,-73.81485,Following Too Closely; Failure To Yield Right-Of-Way
WHITE PLAINS ROAD @ WOOD AVENUE,BRONX,29,0.7241,0.5924,0.359,0.1115,1.4339,-0.0409,40.83553,-73.86317,Driver Inattention/Distraction; Failure To Yield Right-Of-Way
BARRETTO STREET @ BRUCKNER BOULEVARD,BRONX,66,0.4394,0.3546,0.3482,0.0646,1.1987,-0.041,40.818798,-73.89213,Driver Inattention/Distraction; Following Too Closely
11 AVENUE @ WEST 34 STREET,MANHATTAN,39,0.5897,0.4889,0.3399,0.0807,1.2875,-0.0422,40.75578,-74.00199,Failure To Yield Right-Of-Way; Passing Or Lane Usage Improper
FLATLANDS AVENUE @ VAN SICLEN AVENUE,BROOKLYN,32,0.5625,0.4325,0.3689,0.1099,1.4161,-0.0422,40.65452,-73.882225,Driver Inattention/Distraction; Failure To Yield Right-Of-Way
20 AVENUE @ WHITESTONE EXPRESSWAY,UNKNOWN,67,0.4627,0.3789,0.3554,0.0636,1.174,-0.0426,,,Failure To Yield Right-Of-Way; Passing Or Lane Usage Improper
4 AVENUE @ SHORE ROAD DRIVE,BROOKLYN,27,0.6296,0.4834,0.3665,0.1261,1.465,-0.0426,40.63721,-74.02221,Driver Inattention/Distraction; Following Too Closely
EAST 241 STREET @ WHITE PLAINS ROAD,BRONX,26,0.6538,0.5198,0.3443,0.1139,1.4259,-0.0427,40.90348,-73.85035,Driver Inattention/Distraction; Following Too Closely
MACOMBS PLACE @ WEST 155 STREET,MANHATTAN,47,0.4894,0.3872,0.3398,0.082,1.2861,-0.043,40.82803,-73.934845,Driver Inattention/Distraction; Other Vehicular
NORTH CONDUIT AVENUE @ ROCKAWAY BOULEVARD,QUEENS,65,0.5231,0.4375,0.3427,0.0654,1.1806,-0.0432,40.667522,-73.78063,Driver Inattention/Distraction; Failure To Yield Right-Of-Way
CORTELYOU ROAD @ OCEAN PARKWAY,BROOKLYN,50,0.68,0.579,0.3633,0.0808,1.2724,-0.0437,40.638523,-73.97319,Driver Inattention/Distraction; Failure To Yield Right-Of-Way
ESSEX STREET @ RIVINGTON STREET,MANHATTAN,43,0.5814,0.4814,0.3577,0.0799,1.2645,-0.0439,40.71983,-73.98755,Driver Inattention/Distraction; Failure To Yield Right-Of-Way
2 AVENUE @ EAST 97 STREET,MANHATTAN,25,0.64,0.507,0.3485,0.1129,1.4066,-0.0444,40.784943,-73.946594,Failure To Yield Right-Of-Way; Driver Inattention/Distraction
MAJOR DEEGAN EXPRESSWAY @ WEST FORDHAM ROAD,BRONX,230,0.4435,0.4086,0.3467,0.0147,0.4852,-0.0447,40.861862,-73.91275,Driver Inattention/Distraction; Following Too Closely
2 AVENUE @ EAST 58 STREET,MANHATTAN,60,0.6833,0.6038,0.3437,0.0593,1.1174,-0.0448,40.759983,-73.964806,Driver Inattention/Distraction; Failure To Yield Right-Of-Way
LIBERTY AVENUE @ VANWYCK EXPRESSWAY,QUEENS,98,0.449,0.3868,0.3541,0.042,0.939,-0.0457,40.66549,-73.819534,Driver Inattention/Distraction; Traffic Control Disregarded
UNION TURNPIKE @ WOODHAVEN BOULEVARD,QUEENS,29,0.6207,0.4825,0.3647,0.118,1.4129,-0.0457,40.70559,-73.85824,Driver Inattention/Distraction; Following Too Closely
EAST 149 STREET @ GERARD AVENUE,BRONX,32,0.625,0.5053,0.3528,0.0995,1.334,-0.0467,40.819057,-73.92922,Driver Inattention/Distraction; Turning Improperly
AVENUE V @ OCEAN PARKWAY,BROOKLYN,28,0.7857,0.6546,0.3763,0.1109,1.3768,-0.047,40.595707,-73.965065,Driver Inattention/Distraction; Unsafe Speed
FRANCIS LEWIS BOULEVARD @ SUNRISE HIGHWAY,QUEENS,42,0.5952,0.4851,0.36,0.09,1.2826,-0.0475,40.66561,-73.73568,Driver Inattention/Distraction; Failure To Yield Right-Of-Way
BROADWAY @ WEST 230 STREET,BRONX,72,0.4444,0.3706,0.3473,0.0537,1.0379,-0.0477,40.877106,-73.90616,Driver Inattention/Distraction; Traffic Control Disregarded
FLATBUSH AVENUE @ GRAND ARMY PLAZA,BROOKLYN,150,0.4067,0.366,0.3599,0.0206,0.5889,-0.0479,40.674854,-73.97078,Driver Inattention/Distraction; Following Too Closely
150 STREET @ NORTH CONDUIT AVENUE,QUEENS,60,0.45,0.3634,0.3458,0.0665,1.1386,-0.048,40.66684,-73.78941,Driver Inattention/Distraction; Following Too Closely
EAST 169 STREET @ GRAND CONCOURSE,BRONX,30,0.6667,0.5468,0.3581,0.0997,1.3147,-0.0489,40.83639,-73.91588,Driver Inattention/Distraction; Failure To Yield Right-Of-Way
AVENUE K @ KINGS HIGHWAY,BROOKLYN,34,0.5294,0.401,0.3625,0.1083,1.3493,-0.049,40.625683,-73.93344,Driver Inattention/Distraction; Traffic Control Disregarded
CASTLE HILL AVENUE @ CROSS BRONX EXPRESSWAY,BRONX,61,0.4918,0.4106,0.3454,0.061,1.0861,-0.0491,40.83029,-73.850655,Driver Inattention/Distraction; Failure To Yield Right-Of-Way
LIBERTY AVENUE @ MERRICK BOULEVARD,QUEENS,30,0.5667,0.4342,0.3431,0.1123,1.3633,-0.0491,40.702564,-73.790565,Driver Inattention/Distraction; Unsafe Speed
31 STREET @ ASTORIA BOULEVARD,QUEENS,94,0.4468,0.3902,0.3626,0.0365,0.8299,-0.0496,40.77006,-73.91808,Driver Inattention/Distraction; Following Too Closely
FULTON STREET @ VANDERBILT AVENUE,BROOKLYN,37,0.7297,0.6346,0.3731,0.0749,1.1657,-0.0511,40.683723,-73.96797,Failure To Yield Right-Of-Way; Driver Inattention/Distraction
EAST 158 STREET @ GRAND CONCOURSE,BRONX,35,0.6571,0.5434,0.3397,0.0936,1.2654,-0.0514,40.825413,-73.923485,Driver Inattention/Distraction; Alcohol Involvement
CROSS BAY BOULEVARD @ PITKIN AVENUE,QUEENS,30,0.6667,0.5443,0.3525,0.1022,1.3034,-0.0515,40.67215,-73.843185,Following Too Closely; Failure To Yield Right-Of-Way
BELL BOULEVARD @ NORTHERN BOULEVARD,QUEENS,31,0.7097,0.5973,0.3612,0.0922,1.2556,-0.0517,40.760284,-73.769356,Driver Inattention/Distraction; Failure To Yield Right-Of-Way
COHANCY STREET @ NORTH CONDUIT AVENUE,QUEENS,60,0.45,0.3691,0.3485,0.0608,1.0565,-0.052,40.667114,-73.834656,Driver Inattention/Distraction; Following Too Closely
BROADWAY @ STEINWAY STREET,QUEENS,31,0.6452,0.5289,0.3382,0.0961,1.2716,-0.052,40.758972,-73.91901,Driver Inattention/Distraction; Failure To Yield Right-Of-Way
AVENUE D @ REMSEN AVENUE,BROOKLYN,42,0.5714,0.4643,0.3573,0.0869,1.2257,-0.0521,40.64644,-73.91289,Driver Inattention/Distraction; Traffic Control Disregarded
183 STREET @ JAMAICA AVENUE,QUEENS,28,0.6071,0.4816,0.3549,0.1054,1.3051,-0.0529,40.708927,-73.77733,Driver Inattention/Distraction; Unsafe Speed
EAST 181 STREET @ GRAND CONCOURSE,BRONX,30,0.5667,0.4505,0.3551,0.096,1.261,-0.0532,40.854588,-73.90187,Driver Inattention/Distraction; Passing Or Lane Usage Improper
EAST 135 STREET @ MADISON AVENUE,MANHATTAN,63,0.4286,0.3616,0.3497,0.0469,0.9169,-0.0533,40.812073,-73.93604,Driver Inattention/Distraction; Failure To Yield Right-Of-Way
EAST 180 STREET @ SOUTHERN BOULEVARD,BRONX,34,0.7059,0.5958,0.3637,0.0899,1.2299,-0.0534,40.845985,-73.884476,Driver Inattention/Distraction; Failure To Yield Right-Of-Way
FLATLANDS AVENUE @ RALPH AVENUE,BROOKLYN,68,0.5588,0.4942,0.3636,0.0445,0.8864,-0.0539,40.632065,-73.91861,Driver Inattention/Distraction; Failure To Yield Right-Of-Way
FLATLANDS AVENUE @ SCHENCK AVENUE,BROOKLYN,27,0.5926,0.4499,0.3826,0.1226,1.3613,-0.0539,40.655563,-73.87974,Driver Inattention/Distraction; Following Too Closely
BAISLEY BOULEVARD @ GUY R BREWER BOULEVARD,QUEENS,26,0.6923,0.5582,0.3816,0.114,1.3299,-0.054,40.678364,-73.77948,Driver Inattention/Distraction; Alcohol Involvement
1 AVENUE @ EAST 125 STREET,MANHATTAN,60,0.5,0.4279,0.3508,0.052,0.9593,-0.0542,40.801754,-73.93121,Driver Inattention/Distraction; Failure To Yield Right-Of-Way
CENTRAL AVENUE @ GATES AVENUE,BROOKLYN,27,0.6667,0.5409,0.3637,0.1056,1.286,-0.0553,40.693874,-73.91777,Driver Inattention/Distraction; Traffic Control Disregarded
LEFFERTS BOULEVARD @ LIBERTY AVENUE,QUEENS,31,0.6129,0.5146,0.3531,0.0782,1.1396,-0.0563,40.686234,-73.82418,Failure To Yield Right-Of-Way; Passing Or Lane Usage Improper
EASTCHESTER ROAD @ PELHAM PARKWAY SOUTH,BRONX,27,0.5556,0.4227,0.3491,0.1127,1.307,-0.0563,,,Driver Inattention/Distraction; Traffic Control Disregarded
JOHNSON AVENUE @ STEWART AVENUE,BROOKLYN,25,0.6,0.4654,0.3529,0.1144,1.3068,-0.0572,40.708805,-73.92577,Driver Inattention/Distraction; Failure To Yield Right-Of-Way
BUFFALO AVENUE @ EASTERN PARKWAY,BROOKLYN,104,0.5385,0.4867,0.3745,0.0316,0.694,-0.0577,40.668507,-73.925606,Driver Inattention/Distraction; Turning Improperly
FOSTER AVENUE @ RALPH AVENUE,BROOKLYN,26,0.6538,0.5174,0.3656,0.1163,1.3092,-0.0578,40.64024,-73.919464,Failure To Yield Right-Of-Way; Driver Inattention/Distraction
BROOKVILLE BOULEVARD @ SUNRISE HIGHWAY,QUEENS,44,0.5,0.3989,0.3513,0.0809,1.1427,-0.0579,40.66563,-73.73921,Driver Inattention/Distraction; Following Too Closely
KINGS HIGHWAY @ UTICA AVENUE,BROOKLYN,46,0.4783,0.3854,0.3678,0.0727,1.0898,-0.0581,40.63413,-73.928505,Driver Inattention/Distraction; Failure To Yield Right-Of-Way
CROSS ISLAND PARKWAY @ UNION TURNPIKE,QUEENS,63,0.5079,0.4293,0.3495,0.0584,0.9814,-0.0583,40.74105,-73.72587,Driver Inattention/Distraction; Following Too Closely
FULTON STREET @ PENNSYLVANIA AVENUE,BROOKLYN,59,0.5424,0.4688,0.3647,0.0534,0.9369,-0.0583,40.677208,-73.89723,Driver Inattention/Distraction; Following Too Closely
OCEAN AVENUE @ PARKSIDE AVENUE,BROOKLYN,46,0.6304,0.5491,0.3677,0.0612,0.9995,-0.0588,40.65488,-73.96189,Driver Inattention/Distraction; Passing Or Lane Usage Improper
EAST 138 STREET @ GRAND CONCOURSE,BRONX,43,0.4884,0.3958,0.352,0.0724,1.0764,-0.0594,40.8133,-73.930405,Driver Inattention/Distraction; Passing Or Lane Usage Improper
HILLSIDE AVENUE @ VAN WYCK EXPRESSWAY,QUEENS,28,0.5714,0.4392,0.3687,0.112,1.2763,-0.06,40.70403,-73.8171,Following Too Closely; Driver Inattention/Distraction
35 AVENUE @ JUNCTION BOULEVARD,QUEENS,35,0.6857,0.5874,0.3458,0.0781,1.1077,-0.0601,40.753326,-73.8718,Driver Inattention/Distraction; Following Too Closely
FARMERS BOULEVARD @ NORTH CONDUIT AVENUE,QUEENS,40,0.525,0.4274,0.3491,0.0775,1.1012,-0.0604,40.66743,-73.76676,Failure To Yield Right-Of-Way; Driver Inattention/Distraction
CANAL STREET @ WEST STREET,MANHATTAN,39,0.3846,0.299,0.3441,0.0655,1.0192,-0.0605,40.725792,-74.01103,Driver Inattention/Distraction; Traffic Control Disregarded
SEDGWICK AVENUE @ WEST FORDHAM ROAD,BRONX,67,0.5224,0.4572,0.3491,0.045,0.8344,-0.0607,40.86315,-73.90907,Driver Inattention/Distraction; Unsafe Speed
10 AVENUE @ WEST 41 STREET,MANHATTAN,64,0.3438,0.2918,0.3367,0.0318,0.673,-0.0608,40.75898,-73.99595,Passing Too Closely; Unsafe Lane Changing
2 AVENUE @ EAST 125 STREET,MANHATTAN,95,0.3895,0.349,0.3439,0.0203,0.4888,-0.061,40.80275,-73.93358,Driver Inattention/Distraction; Unsafe Lane Changing
BRONX RIVER AVENUE @ EAST 174 STREET,BRONX,27,0.5926,0.4722,0.3352,0.1003,1.217,-0.0612,40.834423,-73.879265,Driver Inattention/Distraction; Failure To Yield Right-Of-Way
7 AVENUE @ 86 STREET,BROOKLYN,31,0.6129,0.5102,0.366,0.0825,1.1147,-0.0626,40.61847,-74.021225,Driver Inattention/Distraction; Failure To Yield Right-Of-Way
CENTRE STREET @ CHAMBERS STREET,MANHATTAN,26,0.5385,0.4218,0.3468,0.0965,1.1882,-0.0627,40.713135,-74.00407,Driver Inattention/Distraction; Following Too Closely
BEVERLEY ROAD @ OCEAN PARKWAY,BROOKLYN,44,0.6591,0.5726,0.3681,0.0664,1.0056,-0.063,40.643303,-73.974106,Driver Inattention/Distraction; Traffic Control Disregarded
21 STREET @ 40 AVENUE,QUEENS,31,0.6452,0.5353,0.3333,0.0897,1.1502,-0.0632,40.755234,-73.941246,Driver Inattention/Distraction; Failure To Yield Right-Of-Way
REMSEN AVENUE @ WINTHROP STREET,BROOKLYN,28,0.6429,0.5234,0.3738,0.0993,1.1976,-0.0632,40.659336,-73.92726,Driver Inattention/Distraction; Failure To Yield Right-Of-Way
3 AVENUE @ EAST 106 STREET,MANHATTAN,43,0.5814,0.5069,0.3549,0.0544,0.906,-0.0632,40.79157,-73.94469,Driver Inattention/Distraction; Failure To Yield Right-Of-Way
3 AVENUE @ EAST 23 STREET,MANHATTAN,35,0.6,0.5066,0.3515,0.0732,1.0475,-0.0638,40.73883,-73.983154,Driver Inattention/Distraction; Following Too Closely
CROTONA AVENUE @ EAST FORDHAM ROAD,BRONX,34,0.5588,0.4566,0.3405,0.0821,1.0991,-0.0643,40.857525,-73.8818,Driver Inattention/Distraction; Following Too Closely
EASTERN PARKWAY @ SCHENECTADY AVENUE,BROOKLYN,51,0.6471,0.5721,0.3763,0.0548,0.8972,-0.0649,40.66895,-73.93389,Driver Inattention/Distraction; Failure To Yield Right-Of-Way
EAST 57 STREET @ PARK AVENUE,MANHATTAN,26,0.4615,0.3485,0.3408,0.0929,1.1522,-0.0651,40.76161,-73.97076,Driver Inattention/Distraction; Passing Or Lane Usage Improper
KISSENA BOULEVARD @ SANFORD AVENUE,QUEENS,25,0.72,0.6135,0.3471,0.0864,1.1165,-0.0653,40.75714,-73.8271,Failure To Yield Right-Of-Way; Passing Or Lane Usage Improper
CROSS BRONX EXPRESSWAY @ WHITE PLAINS ROAD,BRONX,69,0.5217,0.4629,0.3479,0.0387,0.7269,-0.0656,40.833965,-73.8629,Driver Inattention/Distraction; Failure To Yield Right-Of-Way
LEFFERTS BOULEVARD @ NORTH CONDUIT AVENUE,QUEENS,73,0.5068,0.4522,0.3407,0.0345,0.6747,-0.0658,40.66612,-73.82225,Failure To Yield Right-Of-Way; Driver Inattention/Distraction
GOETHALS ROAD NORTH @ SOUTH AVENUE,STATEN ISLAND,36,0.4722,0.3675,0.3253,0.0846,1.1015,-0.0659,40.621563,-74.16849,Driver Inattention/Distraction; Passing Or Lane Usage Improper
1 AVENUE @ EAST 116 STREET,MANHATTAN,46,0.587,0.5165,0.3491,0.0503,0.8474,-0.066,40.796005,-73.93542,Driver Inattention/Distraction; Failure To Yield Right-Of-Way
HOWARD AVENUE @ SUTTER AVENUE,BROOKLYN,29,0.6207,0.5065,0.3584,0.0941,1.15,-0.0663,40.66578,-73.91942,Failure To Yield Right-Of-Way; Driver Inattention/Distraction
BOWNE STREET @ NORTHERN BOULEVARD,QUEENS,28,0.6071,0.492,0.3606,0.095,1.1496,-0.0669,40.764347,-73.82595,Driver Inattention/Distraction; Failure To Yield Right-Of-Way
BARTOW AVENUE @ BAYCHESTER AVENUE,BRONX,45,0.4889,0.4046,0.3449,0.0642,0.9564,-0.0673,40.86877,-73.83174,Driver Inattention/Distraction; Alcohol Involvement
AVENUE SOUTH @ OCEAN PARKWAY,BROOKLYN,50,0.64,0.5678,0.3671,0.0521,0.8544,-0.0674,40.602467,-73.96638,Driver Inattention/Distraction; Failure To Yield Right-Of-Way
FLATLANDS AVENUE @ ROCKAWAY PARKWAY,BROOKLYN,29,0.6552,0.5476,0.3748,0.0874,1.106,-0.0675,40.64366,-73.90067,Driver Inattention/Distraction; Failure To Yield Right-Of-Way
ROCKAWAY BOULEVARD @ SOUTH CONDUIT AVENUE,QUEENS,59,0.5085,0.4401,0.3486,0.0483,0.8166,-0.0676,40.66675,-73.779945,Driver Inattention/Distraction; Failure To Yield Right-Of-Way
NORTHERN BOULEVARD @ PRINCE STREET,QUEENS,65,0.5385,0.4797,0.3497,0.0386,0.7083,-0.0682,40.762745,-73.83329,Following Too Closely; Driver Inattention/Distraction
KINGS HIGHWAY @ OCEAN PARKWAY,BROOKLYN,25,0.6,0.4712,0.3747,0.1086,1.2014,-0.0686,40.605675,-73.966965,Driver Inattention/Distraction; Following Too Closely
HYLAN BOULEVARD @ MIDLAND AVENUE,STATEN ISLAND,47,0.5532,0.4722,0.3264,0.0608,0.9192,-0.0688,40.577946,-74.102325,Driver Inattention/Distraction; Turning Improperly
ATLANTIC AVENUE @ UTICA AVENUE,BROOKLYN,68,0.5294,0.473,0.3703,0.0363,0.6756,-0.0689,40.677414,-73.93032,Driver Inattention/Distraction; Traffic Control Disregarded
33 STREET @ NORTHERN BOULEVARD,QUEENS,32,0.875,0.798,0.3332,0.0568,0.8844,-0.0691,40.75199,-73.931274,Failure To Yield Right-Of-Way; Traffic Control Disregarded
CRESCENT STREET @ LINDEN BOULEVARD,BROOKLYN,26,0.5,0.3855,0.3628,0.0943,1.1305,-0.0692,40.668667,-73.868324,Driver Inattention/Distraction; Other Vehicular
HYLAN BOULEVARD @ NARROWS ROAD NORTH,STATEN ISLAND,46,0.5435,0.4587,0.3266,0.0647,0.9433,-0.0697,40.607212,-74.07682,Driver Inattention/Distraction; Failure To Yield Right-Of-Way
HIGHLAND BOULEVARD @ VERMONT PLACE,QUEENS,28,0.5357,0.4126,0.357,0.1029,1.1656,-0.0701,40.68529,-73.888084,Driver Inattention/Distraction; Following Too Closely
5 AVENUE @ 65 STREET,BROOKLYN,28,0.6429,0.5274,0.3572,0.0953,1.1289,-0.0702,40.636784,-74.018974,Driver Inattention/Distraction; Failure To Yield Right-Of-Way
UNIVERSITY AVENUE @ WEST TREMONT AVENUE,BRONX,49,0.6735,0.6118,0.355,0.0415,0.7224,-0.0711,40.850475,-73.915436,Driver Inattention/Distraction; Other Vehicular
AVENUE H @ UTICA AVENUE,BROOKLYN,33,0.6061,0.5065,0.3762,0.0794,1.0323,-0.0713,40.632847,-73.928375,Driver Inattention/Distraction; Failure To Yield Right-Of-Way
BAY RIDGE PARKWAY @ FORT HAMILTON PARKWAY,BROOKLYN,28,0.6786,0.5633,0.3585,0.0951,1.116,-0.0719,40.625774,-74.016495,Driver Inattention/Distraction; Failure To Yield Right-Of-Way
FRANCIS LEWIS BOULEVARD @ SOUTH CONDUIT AVENUE,QUEENS,32,0.5312,0.4234,0.3418,0.0877,1.0755,-0.0721,40.665257,-73.735344,Driver Inattention/Distraction; Following Too Closely
HEMPSTEAD AVENUE @ SPRINGFIELD BOULEVARD,QUEENS,28,0.5357,0.4249,0.3569,0.0906,1.089,-0.0725,40.713284,-73.7358,Driver Inattention/Distraction; Failure To Yield Right-Of-Way
CLOVE ROAD @ RICHMOND ROAD,STATEN ISLAND,33,0.6364,0.532,0.333,0.0842,1.0523,-0.0727,40.608776,-74.09113,Traffic Control Disregarded; Driver Inattention/Distraction
EAST NEW YORK AVENUE @ UTICA AVENUE,BROOKLYN,35,0.6,0.5036,0.3574,0.0762,1.0026,-0.0728,40.66323,-73.93161,Driver Inattention/Distraction; Failure To Yield Right-Of-Way
DITMAS AVENUE @ OCEAN PARKWAY,BROOKLYN,57,0.614,0.5507,0.3611,0.0431,0.7291,-0.0728,40.63613,-73.97274,Driver Inattention/Distraction; Failure To Yield Right-Of-Way
BUSHWICK AVENUE @ CONWAY STREET,BROOKLYN,44,0.4773,0.3986,0.3555,0.0585,0.8679,-0.0736,40.680664,-73.902626,Driver Inattention/Distraction; Passing Or Lane Usage Improper
ATLANTIC AVENUE @ WARWICK STREET,BROOKLYN,28,0.5357,0.4237,0.3814,0.0918,1.0851,-0.074,40.677357,-73.88687,Driver Inattention/Distraction; Failure To Yield Right-Of-Way
EAST 125 STREET @ MADISON AVENUE,MANHATTAN,44,0.4091,0.3406,0.3372,0.0483,0.7697,-0.0748,40.805737,-73.94065,Driver Inattention/Distraction; Failure To Yield Right-Of-Way
86 STREET @ BAY PARKWAY,BROOKLYN,31,0.6452,0.5581,0.3658,0.0669,0.921,-0.0755,40.60195,-73.99381,Driver Inattention/Distraction; Failure To Yield Right-Of-Way
AVENUE J @ OCEAN PARKWAY,BROOKLYN,59,0.5085,0.4473,0.3565,0.041,0.6895,-0.0756,40.62417,-73.97048,Driver Inattention/Distraction; Failure To Yield Right-Of-Way
EAST GUN HILL ROAD @ WHITE PLAINS ROAD,BRONX,42,0.619,0.543,0.3574,0.0559,0.8291,-0.0762,40.87739,-73.8665,Driver Inattention/Distraction; Failure To Yield Right-Of-Way
EMPIRE BOULEVARD @ WASHINGTON AVENUE,BROOKLYN,31,0.6129,0.5204,0.3504,0.0723,0.9534,-0.0764,40.663284,-73.96096,Driver Inattention/Distraction; Following Too Closely
9 AVENUE @ WEST 207 STREET,MANHATTAN,63,0.4286,0.3735,0.348,0.0349,0.615,-0.0764,40.863785,-73.91699,Following Too Closely; Driver Inattention/Distraction
BRUCKNER BOULEVARD @ CASTLE HILL AVENUE,BRONX,34,0.5588,0.4685,0.3378,0.0702,0.9376,-0.0765,40.827595,-73.85004,Driver Inattention/Distraction; Failure To Yield Right-Of-Way
DELANCEY STREET @ ESSEX STREET,MANHATTAN,72,0.5139,0.4779,0.3415,0.0159,0.3368,-0.0765,40.718555,-73.988205,Driver Inattention/Distraction; Failure To Yield Right-Of-Way
EAST 174 STREET @ WEBSTER AVENUE,BRONX,33,0.5455,0.4586,0.3435,0.0667,0.9104,-0.0769,40.844177,-73.90292,Driver Inattention/Distraction; Passing Or Lane Usage Improper
7 AVENUE @ OVINGTON AVENUE,BROOKLYN,26,0.6923,0.5975,0.35,0.0747,0.9641,-0.0771,40.63073,-74.01734,Failure To Yield Right-Of-Way; Driver Inattention/Distraction
GRAHAM AVENUE @ GRAND STREET,BROOKLYN,33,0.7273,0.6539,0.3662,0.0532,0.7978,-0.0775,40.711643,-73.94392,Driver Inattention/Distraction; Failure To Yield Right-Of-Way
39 STREET @ 4 AVENUE,BROOKLYN,35,0.6286,0.5582,0.3526,0.0502,0.7703,-0.0775,40.652626,-74.00617,Failure To Yield Right-Of-Way; Driver Inattention/Distraction
ALLERTON AVENUE @ WHITE PLAINS ROAD,BRONX,27,0.7037,0.6074,0.3506,0.0761,0.9703,-0.0776,40.86543,-73.86737,Driver Inattention/Distraction; Failure To Yield Right-Of-Way
31 STREET @ HOYT AVENUE SOUTH,QUEENS,32,0.4375,0.3521,0.3399,0.0653,0.8944,-0.0777,40.77039,-73.91771,Driver Inattention/Distraction; Failure To Yield Right-Of-Way
225 STREET @ HEMPSTEAD AVENUE,QUEENS,28,0.5714,0.4633,0.3545,0.088,1.0357,-0.0785,40.711628,-73.729385,Failure To Yield Right-Of-Way; Driver Inattention/Distraction
EAST 183 STREET @ GRAND CONCOURSE,BRONX,51,0.5882,0.5295,0.3522,0.0386,0.6444,-0.0787,40.857418,-73.89996,Driver Inattention/Distraction; Traffic Control Disregarded
FULTON STREET @ UTICA AVENUE,BROOKLYN,34,0.5588,0.4809,0.3703,0.0577,0.8266,-0.0792,40.679276,-73.92906,Driver Inattention/Distraction; Failure To Yield Right-Of-Way
ATLANTIC AVENUE @ COLUMBIA STREET,BROOKLYN,41,0.4146,0.3424,0.3599,0.052,0.7771,-0.0792,40.691765,-73.99992,Following Too Closely; Driver Inattention/Distraction
ALBANY AVENUE @ ATLANTIC AVENUE,BROOKLYN,29,0.6207,0.5125,0.3634,0.088,1.0314,-0.0792,40.67786,-73.93863,Driver Inattention/Distraction; Following Too Closely
MARCUS GARVEY BOULEVARD @ MYRTLE AVENUE,BROOKLYN,27,0.5185,0.4137,0.3741,0.0846,1.0102,-0.0796,40.696354,-73.940704,Driver Inattention/Distraction; Passing Too Closely
LIVONIA AVENUE @ PENNSYLVANIA AVENUE,BROOKLYN,41,0.6341,0.5669,0.3743,0.0471,0.7287,-0.0796,40.664753,-73.89404,Driver Inattention/Distraction; Failure To Yield Right-Of-Way
GRAND CENTRAL PARKWAY @ MIDLAND PARKWAY,QUEENS,29,0.5862,0.4735,0.3688,0.0925,1.047,-0.0807,40.719585,-73.78506,Driver Inattention/Distraction; Failure To Yield Right-Of-Way
EASTERN PARKWAY @ NEW YORK AVENUE,BROOKLYN,31,0.6452,0.548,0.3715,0.077,0.9563,-0.0809,40.669712,-73.94773,Driver Inattention/Distraction; Following Too Closely
UNIVERSITY AVENUE @ WEST BURNSIDE AVENUE,BRONX,46,0.6739,0.6193,0.3353,0.0345,0.5844,-0.0812,40.85482,-73.9112,Driver Inattention/Distraction; Other Vehicular
133 AVENUE @ VANWYCK EXPRESSWAY,UNKNOWN,27,0.4444,0.3376,0.3619,0.0866,1.0108,-0.0814,,,Following Too Closely; Driver Inattention/Distraction
1 AVENUE @ EAST 34 STREET,MANHATTAN,33,0.5455,0.4709,0.3374,0.0544,0.7844,-0.0816,40.743782,-73.97352,Driver Inattention/Distraction; Failure To Yield Right-Of-Way
GLENWOOD ROAD @ RALPH AVENUE,BROOKLYN,30,0.6,0.5017,0.356,0.0782,0.9586,-0.0816,40.634483,-73.91886,Driver Inattention/Distraction; Traffic Control Disregarded
VARICK STREET @ WATTS STREET,MANHATTAN,25,0.48,0.3761,0.3476,0.0838,0.9925,-0.0817,40.723747,-74.00612,Driver Inattention/Distraction; Following Too Closely
2 AVENUE @ EAST 42 STREET,MANHATTAN,49,0.5714,0.5175,0.3391,0.0338,0.5732,-0.0817,40.749825,-73.972206,Driver Inattention/Distraction; Failure To Yield Right-Of-Way
FRANCIS LEWIS BOULEVARD @ HOLLIS AVENUE,QUEENS,26,0.5,0.3941,0.3326,0.0858,1.0039,-0.0817,40.707306,-73.75122,Failure To Yield Right-Of-Way; Backing Unsafely
PELHAM PARKWAY @ WILLIAMSBRIDGE ROAD,BRONX,64,0.5625,0.5139,0.3629,0.0285,0.5054,-0.0819,40.858116,-73.856636,Driver Inattention/Distraction; Failure To Yield Right-Of-Way
EASTERN PARKWAY @ HOWARD AVENUE,BROOKLYN,89,0.5169,0.4838,0.3661,0.0129,0.2662,-0.0821,40.669476,-73.919975,Driver Inattention/Distraction; Turning Improperly
DITMAS AVENUE @ REMSEN AVENUE,BROOKLYN,47,0.5319,0.4641,0.3732,0.0476,0.7188,-0.0822,40.6481,-73.91474,Driver Inattention/Distraction; Following Too Closely
3 AVENUE @ CROSS BRONX EXPRESSWAY,BRONX,84,0.4167,0.3828,0.3486,0.0137,0.2801,-0.0823,40.843994,-73.89752,Driver Inattention/Distraction; Following Too Closely
LINDEN BOULEVARD @ SUTPHIN BOULEVARD,QUEENS,32,0.5938,0.5028,0.3548,0.0708,0.9054,-0.0824,40.686302,-73.793915,Driver Inattention/Distraction; Failure To Yield Right-Of-Way
EASTERN PARKWAY @ ROGERS AVENUE,BROOKLYN,35,0.4857,0.4003,0.3538,0.0653,0.8638,-0.0828,40.670006,-73.95328,Driver Inattention/Distraction; Following Too Closely
7 AVENUE @ FLATBUSH AVENUE,BROOKLYN,33,0.5152,0.4352,0.3721,0.0598,0.8197,-0.0832,40.677998,-73.97305,Driver Inattention/Distraction; Passing Too Closely
FLUSHING AVENUE @ METROPOLITAN AVENUE,QUEENS,27,0.5556,0.4596,0.3419,0.0758,0.933,-0.0834,40.71346,-73.91522,Driver Inattention/Distraction; Failure To Yield Right-Of-Way
WATERS PLACE @ WESTCHESTER AVENUE,BRONX,30,0.5333,0.4422,0.3572,0.071,0.9002,-0.0836,40.842567,-73.83841,Driver Inattention/Distraction; Failure To Yield Right-Of-Way
NORTH CONDUIT AVENUE @ SPRINGFIELD BOULEVARD,QUEENS,51,0.4706,0.4118,0.3388,0.0387,0.6185,-0.0838,40.66645,-73.75764,Following Too Closely; Driver Inattention/Distraction
EAST 125 STREET @ PARK AVENUE,MANHATTAN,40,0.475,0.4084,0.3509,0.0465,0.6975,-0.0841,40.805058,-73.93904,Driver Inattention/Distraction; Following Too Closely
BROADWAY @ MYRTLE AVENUE,BROOKLYN,53,0.6038,0.5592,0.3703,0.0244,0.439,-0.0844,40.696983,-73.935234,Driver Inattention/Distraction; Backing Unsafely
ATLANTIC AVENUE @ VANDERBILT AVENUE,BROOKLYN,48,0.5625,0.5139,0.3755,0.0284,0.4925,-0.0848,40.681767,-73.96754,Driver Inattention/Distraction; Passing Or Lane Usage Improper
EAST 149 STREET @ MORRIS AVENUE,BRONX,61,0.5574,0.5208,0.3467,0.0165,0.3184,-0.0848,40.817387,-73.92277,Driver Inattention/Distraction; Traffic Control Disregarded
HUTCHINSON RIVER PARKWAY @ LAFAYETTE AVENUE,BRONX,31,0.5161,0.4218,0.3555,0.0742,0.9137,-0.0849,40.8249,-73.83654,Driver Inattention/Distraction; Turning Improperly
212 STREET @ JAMAICA AVENUE,QUEENS,46,0.5217,0.4655,0.3506,0.0361,0.5844,-0.085,40.71576,-73.74655,Driver Inattention/Distraction; Failure To Yield Right-Of-Way
EASTERN PARKWAY @ UTICA AVENUE,BROOKLYN,76,0.5395,0.5051,0.3721,0.0142,0.2796,-0.0852,40.668797,-73.93112,Driver Inattention/Distraction; Failure To Yield Right-Of-Way
8 AVENUE @ WEST 50 STREET,MANHATTAN,25,0.68,0.5967,0.3664,0.0631,0.8339,-0.0852,40.76229,-73.98611,Driver Inattention/Distraction; Failure To Yield Right-Of-Way
LIBERTY AVENUE @ SUTPHIN BOULEVARD,QUEENS,29,0.7241,0.6409,0.3462,0.0631,0.8335,-0.0853,40.696167,-73.8045,Driver Inattention/Distraction; Failure To Yield Right-Of-Way
3 AVENUE @ 58 STREET,BROOKLYN,31,0.4516,0.3725,0.3486,0.059,0.8004,-0.0854,40.64316,-74.01922,Driver Inattention/Distraction; Turning Improperly
BAYCHESTER AVENUE @ EAST 233 STREET,BRONX,29,0.5172,0.436,0.3399,0.0611,0.8171,-0.0855,40.888454,-73.84197,Failure To Yield Right-Of-Way; Driver Inattention/Distraction
TILDEN AVENUE @ UTICA AVENUE,BROOKLYN,25,0.64,0.5321,0.3608,0.0878,0.989,-0.0862,40.648182,-73.93001,Driver Inattention/Distraction; Traffic Control Disregarded
4 AVENUE @ UNION STREET,BROOKLYN,38,0.5789,0.5152,0.3554,0.0436,0.6584,-0.0863,40.677406,-73.983055,Driver Inattention/Distraction; Failure To Yield Right-Of-Way
EAST 170 STREET @ GRAND CONCOURSE,BRONX,34,0.5882,0.5259,0.3375,0.0422,0.6433,-0.0864,40.83872,-73.91378,Passing Or Lane Usage Improper; Passing Too Closely
FOUNTAIN AVENUE @ LINDEN BOULEVARD,BROOKLYN,70,0.5143,0.4753,0.3667,0.0188,0.3495,-0.0866,40.666706,-73.871826,Driver Inattention/Distraction; Turning Improperly
EAST 151 STREET @ RIVER AVENUE,BRONX,30,0.5,0.4154,0.3473,0.0644,0.8357,-0.0867,40.822838,-73.928764,Driver Inattention/Distraction; Backing Unsafely
21 STREET @ 41 AVENUE,QUEENS,31,0.6129,0.5311,0.3424,0.0616,0.8128,-0.087,40.753994,-73.94244,Driver Inattention/Distraction; Following Too Closely
HEGEMAN AVENUE @ PENNSYLVANIA AVENUE,BROOKLYN,33,0.5152,0.4267,0.361,0.0683,0.8619,-0.087,40.65993,-73.891655,Driver Inattention/Distraction; Unsafe Speed
CHURCH AVENUE @ ROGERS AVENUE,BROOKLYN,28,0.6071,0.5197,0.3605,0.0672,0.8537,-0.0872,40.65067,-73.95248,Driver Inattention/Distraction; Following Too Closely
KNAPP STREET @ SHORE PARKWAY,UNKNOWN,31,0.5161,0.4268,0.3726,0.0691,0.8669,-0.0872,,,Driver Inattention/Distraction; Unsafe Speed
BROADWAY @ WEST 125 STREET,MANHATTAN,42,0.5,0.4456,0.3492,0.0342,0.5513,-0.0874,40.81569,-73.958305,Driver Inattention/Distraction; Turning Improperly
FLATBUSH AVENUE @ PARKSIDE AVENUE,BROOKLYN,37,0.7027,0.649,0.3758,0.0336,0.5438,-0.0875,40.655632,-73.95986,Driver Inattention/Distraction; Failure To Yield Right-Of-Way
EAST 168 STREET @ WEBSTER AVENUE,BRONX,31,0.6129,0.529,0.3507,0.0638,0.8263,-0.0875,40.83228,-73.90963,Driver Inattention/Distraction; Unsafe Speed
LINDEN BOULEVARD @ NORTH CONDUIT AVENUE,QUEENS,31,0.4516,0.3657,0.3367,0.0657,0.8401,-0.0876,40.67172,-73.850975,Driver Inattention/Distraction; Passing Or Lane Usage Improper
BAISLEY BOULEVARD @ BREWER BOULEVARD,QUEENS,34,0.5882,0.5147,0.3392,0.0534,0.7418,-0.0877,40.678364,-73.77949,Driver Inattention/Distraction; Failure To Yield Right-Of-Way
1 AVENUE @ EAST 119 STREET,MANHATTAN,28,0.5714,0.4946,0.3466,0.0567,0.7691,-0.0878,40.79793,-73.934,Driver Inattention/Distraction; Passing Or Lane Usage Improper
BRUCKNER BOULEVARD @ SAINT ANNS AVENUE,BRONX,38,0.5526,0.4811,0.3298,0.0514,0.7233,-0.0879,40.803593,-73.919785,Failure To Yield Right-Of-Way; Driver Inattention/Distraction
FORT WASHINGTON AVENUE @ WEST 165 STREET,MANHATTAN,36,0.5278,0.4668,0.3373,0.0408,0.6211,-0.0879,40.840195,-73.94307,Driver Inattention/Distraction; Following Too Closely
38 STREET @ 4 AVENUE,BROOKLYN,42,0.5,0.4393,0.3497,0.0405,0.6182,-0.088,40.6532,-74.005585,Driver Inattention/Distraction; Turning Improperly
CLAREMONT PARKWAY @ WEBSTER AVENUE,BRONX,42,0.6429,0.5845,0.3327,0.0382,0.5915,-0.0885,40.839767,-73.905396,Driver Inattention/Distraction; Other Vehicular
17 STREET @ 3 AVENUE,BROOKLYN,27,0.4444,0.3448,0.3364,0.0794,0.9269,-0.0885,40.666126,-73.9953,Driver Inattention/Distraction; Passing Or Lane Usage Improper
ATLANTIC AVENUE @ BROOKLYN AVENUE,BROOKLYN,40,0.6,0.5342,0.381,0.0456,0.6664,-0.0886,40.678158,-73.94415,Driver Inattention/Distraction; Failure To Yield Right-Of-Way
CLINTON STREET @ DELANCEY STREET,MANHATTAN,75,0.4267,0.4005,0.3451,0.006,0.1249,-0.0888,40.717724,-73.98577,Driver Inattention/Distraction; Following Too Closely
CLOVE ROAD @ VICTORY BOULEVARD,STATEN ISLAND,55,0.5636,0.5116,0.3272,0.0319,0.5143,-0.0896,40.616413,-74.103516,Driver Inattention/Distraction; Following Too Closely
94 STREET @ ASTORIA BOULEVARD,QUEENS,28,0.5714,0.4817,0.3508,0.0696,0.8562,-0.0897,40.76301,-73.87533,Driver Inattention/Distraction; Following Too Closely
MYRTLE AVENUE @ TOMPKINS AVENUE,BROOKLYN,25,0.56,0.4618,0.3712,0.078,0.9111,-0.0898,40.695705,-73.946365,Driver Inattention/Distraction; Turning Improperly
EAST 138 STREET @ EXTERIOR STREET,BRONX,90,0.3667,0.3473,0.3385,-0.0007,-0.0164,-0.0899,40.81359,-73.93143,Driver Inattention/Distraction; Failure To Yield Right-Of-Way
EAST 170 STREET @ JEROME AVENUE,BRONX,31,0.6452,0.5785,0.3421,0.0465,0.6683,-0.0899,40.840225,-73.91769,Failure To Yield Right-Of-Way; Driver Inattention/Distraction
225 STREET @ NORTH CONDUIT AVENUE,QUEENS,31,0.5161,0.427,0.3458,0.069,0.8469,-0.0906,40.666393,-73.75177,Failure To Yield Right-Of-Way; Driver Inattention/Distraction
BAILEY AVENUE @ WEST 230 STREET,BRONX,34,0.5,0.4246,0.347,0.0553,0.7413,-0.0909,40.87626,-73.90395,Driver Inattention/Distraction; Following Too Closely
3 AVENUE @ EAST 163 STREET,BRONX,60,0.5667,0.5328,0.3449,0.0137,0.2561,-0.091,40.824066,-73.908714,Failure To Yield Right-Of-Way; Driver Inattention/Distraction
ATLANTIC AVENUE @ GRAND AVENUE,BROOKLYN,31,0.5161,0.4295,0.3778,0.0665,0.8273,-0.091,40.68046,-73.96136,Driver Inattention/Distraction; Other Vehicular
FULTON STREET @ SCHENECTADY AVENUE,BROOKLYN,28,0.6071,0.528,0.3583,0.059,0.7698,-0.0912,40.679482,-73.932905,Driver Inattention/Distraction; Failure To Yield Right-Of-Way
3 AVENUE @ EAST 42 STREET,MANHATTAN,40,0.55,0.4933,0.3322,0.0366,0.5605,-0.0913,40.750763,-73.97445,Driver Inattention/Distraction; Other Vehicular
BROADWAY @ WEST 155 STREET,MANHATTAN,30,0.5,0.4158,0.3488,0.0641,0.8082,-0.0913,40.832765,-73.945825,Driver Inattention/Distraction; Failure To Yield Right-Of-Way
FRESH POND ROAD @ METROPOLITAN AVENUE,QUEENS,48,0.5208,0.4731,0.3378,0.0276,0.4545,-0.0915,40.712696,-73.900604,Failure To Yield Right-Of-Way; Driver Inattention/Distraction
PELHAM PARKWAY NORTH @ WILLIAMSBRIDGE ROAD,UNKNOWN,29,0.5172,0.4171,0.357,0.08,0.9138,-0.0916,,,Driver Inattention/Distraction; Alcohol Involvement
AVENUE OF THE AMERICAS @ WEST 42 STREET,MANHATTAN,59,0.5085,0.4797,0.3557,0.0086,0.1683,-0.092,40.75484,-73.98412,Driver Inattention/Distraction; Turning Improperly
BARTOW AVENUE @ EDSON AVENUE,BRONX,42,0.4762,0.4186,0.3455,0.0375,0.5674,-0.092,40.86832,-73.83317,Following Too Closely; Failure To Yield Right-Of-Way
EAST FORDHAM ROAD @ SOUTHERN BOULEVARD,BRONX,104,0.4904,0.4762,0.347,-0.006,-0.1367,-0.0921,40.85713,-73.8808,Driver Inattention/Distraction; Other Vehicular
KINGS HIGHWAY @ SNYDER AVENUE,BROOKLYN,41,0.5366,0.4648,0.3563,0.0517,0.7032,-0.0923,40.650517,-73.92359,Driver Inattention/Distraction; Failure To Yield Right-Of-Way
LENOX AVENUE @ WEST 135 STREET,MANHATTAN,41,0.5366,0.4833,0.3553,0.0331,0.517,-0.0925,40.814106,-73.94086,Driver Inattention/Distraction; Pedestrian/Bicyclist/Other Pedestrian Error/Confusion
BROADWAY @ FOREST AVENUE,STATEN ISLAND,28,0.5357,0.45,0.3327,0.0656,0.81,-0.0931,40.62894,-74.116196,Driver Inattention/Distraction; Failure To Yield Right-Of-Way
LEFFERTS BOULEVARD @ SOUTH CONDUIT AVENUE,QUEENS,36,0.4722,0.3941,0.3442,0.058,0.7525,-0.0931,40.66454,-73.82276,Following Too Closely; Pavement Slippery
CHRYSTIE STREET @ GRAND STREET,MANHATTAN,42,0.6667,0.6224,0.3484,0.0241,0.4025,-0.0933,40.718143,-73.993835,Driver Inattention/Distraction; Failure To Yield Right-Of-Way
3 AVENUE @ PROSPECT AVENUE,BROOKLYN,34,0.4118,0.3447,0.3621,0.047,0.656,-0.0933,40.666843,-73.994865,Passing Or Lane Usage Improper; Driver Inattention/Distraction
AVENUE T @ FLATBUSH AVENUE,BROOKLYN,44,0.5682,0.5071,0.3442,0.0409,0.5955,-0.0937,40.61146,-73.92437,Driver Inattention/Distraction; Traffic Control Disregarded
1 AVENUE @ EAST 49 STREET,MANHATTAN,37,0.5946,0.5316,0.3458,0.0429,0.6142,-0.0939,40.753242,-73.96662,Driver Inattention/Distraction; Turning Improperly
188 STREET @ GRAND CENTRAL PARKWAY,QUEENS,64,0.4062,0.3693,0.3592,0.0168,0.2974,-0.094,40.722347,-73.777275,Driver Inattention/Distraction; Following Too Closely
NORTHERN BOULEVARD @ UNION STREET,QUEENS,62,0.5806,0.5508,0.3601,0.0097,0.1824,-0.0942,40.76394,-73.828156,Failure To Yield Right-Of-Way; Following Too Closely
LINDEN BOULEVARD @ VAN SICLEN AVENUE,BROOKLYN,57,0.5439,0.5033,0.3553,0.0204,0.3475,-0.0946,40.660656,-73.885796,Failure To Yield Right-Of-Way; Driver Inattention/Distraction
CROSS BAY BOULEVARD @ SOUTH CONDUIT AVENUE,QUEENS,43,0.4651,0.4027,0.3413,0.0422,0.6044,-0.0947,40.66858,-73.84223,Following Too Closely; Driver Inattention/Distraction
3 AVENUE @ EAST TREMONT AVENUE,BRONX,62,0.5806,0.5538,0.347,0.0067,0.1289,-0.0949,40.846657,-73.89619,Driver Inattention/Distraction; Failure To Yield Right-Of-Way
BOSTON ROAD @ EAST TREMONT AVENUE,BRONX,34,0.5588,0.5026,0.3342,0.036,0.539,-0.095,40.84023,-73.880104,Driver Inattention/Distraction; Passing Or Lane Usage Improper
AVENUE OF THE AMERICAS @ WATTS STREET,MANHATTAN,29,0.5172,0.4402,0.3429,0.0569,0.7329,-0.0953,40.723625,-74.00479,Driver Inattention/Distraction; Traffic Control Disregarded
108 STREET @ LONG ISLAND EXPRESSWAY,QUEENS,32,0.4375,0.3565,0.361,0.0608,0.7597,-0.0961,40.737343,-73.851875,Driver Inattention/Distraction; Following Too Closely
ATLANTIC AVENUE @ BEDFORD AVENUE,BROOKLYN,58,0.569,0.5336,0.3744,0.0153,0.2686,-0.0961,40.678722,-73.95299,Driver Inattention/Distraction; Turning Improperly
2 AVENUE @ EAST 110 STREET,MANHATTAN,29,0.4483,0.385,0.3414,0.0431,0.6046,-0.0966,40.793186,-73.94057,Driver Inattention/Distraction; Passing Or Lane Usage Improper
JEWEL AVENUE @ MAIN STREET,QUEENS,25,0.6,0.514,0.3626,0.0659,0.7945,-0.0966,40.73002,-73.82347,Driver Inattention/Distraction; Turning Improperly
EAST 34 STREET @ PARK AVENUE,MANHATTAN,40,0.525,0.4752,0.3542,0.0296,0.4599,-0.0966,40.747078,-73.981346,Driver Inattention/Distraction; Passing Or Lane Usage Improper
ALLERTON AVENUE @ BRONX PARK EAST,BRONX,46,0.413,0.3664,0.3357,0.0265,0.4208,-0.0968,40.86536,-73.87043,Driver Inattention/Distraction; Following Too Closely
EASTERN PARKWAY @ ROCKAWAY AVENUE,BROOKLYN,53,0.5094,0.467,0.3563,0.0222,0.3655,-0.097,40.67308,-73.91124,Driver Inattention/Distraction; Failure To Yield Right-Of-Way
ALABAMA AVENUE @ LINDEN BOULEVARD,BROOKLYN,30,0.4333,0.3524,0.3528,0.0608,0.7514,-0.0977,40.657516,-73.8931,Driver Inattention/Distraction; Alcohol Involvement
70 STREET @ QUEENS BOULEVARD,QUEENS,35,0.5714,0.5014,0.3444,0.0498,0.6619,-0.0977,40.739964,-73.89424,Driver Inattention/Distraction; Turning Improperly
EAST 39 STREET @ PARK AVENUE,MANHATTAN,25,0.52,0.4256,0.3252,0.0742,0.8456,-0.0978,40.750217,-73.979065,Driver Inattention/Distraction; Driver Inexperience
ROCKAWAY PARKWAY @ SEAVIEW AVENUE,BROOKLYN,70,0.5286,0.5013,0.3613,0.0072,0.1327,-0.0985,40.6338,-73.8897,Driver Inattention/Distraction; Failure To Yield Right-Of-Way
ROCKAWAY PARKWAY @ SHORE PARKWAY,BROOKLYN,111,0.4955,0.4884,0.369,-0.0131,-0.2999,-0.0985,40.63082,-73.88636,Driver Inattention/Distraction; Turning Improperly
EAST 135 STREET @ WILLIS AVENUE,BRONX,54,0.463,0.4323,0.3457,0.0105,0.1884,-0.0988,40.807186,-73.924286,Passing Or Lane Usage Improper; Traffic Control Disregarded
BREWER BOULEVARD @ SOUTH CONDUIT AVENUE,QUEENS,26,0.4615,0.3638,0.3302,0.0775,0.8614,-0.0989,40.66696,-73.77078,Driver Inattention/Distraction; Other Vehicular
CANAL STREET @ LAFAYETTE STREET,MANHATTAN,46,0.3478,0.3114,0.3454,0.0162,0.2745,-0.0996,40.71843,-74.000534,Driver Inattention/Distraction; Passing Or Lane Usage Improper
JAMAICA AVENUE @ VANWYCK EXPRESSWAY,UNKNOWN,57,0.4561,0.4226,0.3545,0.0133,0.2314,-0.0997,,,Driver Inattention/Distraction; Following Too Closely
101 AVENUE @ WOODHAVEN BOULEVARD,QUEENS,39,0.5385,0.4724,0.3519,0.0459,0.6177,-0.0998,40.68424,-73.8461,Driver Inattention/Distraction; Turning Improperly
EAST 188 STREET @ GRAND CONCOURSE,BRONX,31,0.6129,0.5526,0.3506,0.0401,0.5618,-0.0998,40.86135,-73.89774,Driver Inattention/Distraction; Failure To Yield Right-Of-Way
BRUCKNER BOULEVARD @ WHITE PLAINS ROAD,BRONX,115,0.4348,0.435,0.3464,-0.0203,-0.5005,-0.1,40.826275,-73.85971,Driver Inattention/Distraction; Other Vehicular
116 AVENUE @ SUTPHIN BOULEVARD,QUEENS,27,0.4815,0.4053,0.342,0.056,0.7035,-0.1001,40.682568,-73.79266,Driver Inattention/Distraction; Passing Too Closely
BEDFORD AVENUE @ LINDEN BOULEVARD,BROOKLYN,27,0.6667,0.5955,0.3554,0.051,0.6602,-0.1004,40.652313,-73.95602,Driver Inattention/Distraction; Passing Or Lane Usage Improper
LINDEN BOULEVARD @ VANWYCK EXPRESSWAY,QUEENS,83,0.4337,0.4155,0.3552,-0.0019,-0.0377,-0.1004,,,Driver Inattention/Distraction; Following Too Closely
EAST 23 STREET @ PARK AVENUE SOUTH,MANHATTAN,28,0.5,0.4284,0.3454,0.0514,0.6633,-0.1006,40.740185,-73.986374,Driver Inattention/Distraction; Pavement Slippery
BROOK AVENUE @ EAST 138 STREET,BRONX,27,0.6296,0.5657,0.3432,0.0438,0.5936,-0.1008,40.807552,-73.91922,Failure To Yield Right-Of-Way; Driver Inattention/Distraction
7 AVENUE @ WEST 57 STREET,MANHATTAN,29,0.4828,0.414,0.3489,0.0486,0.6379,-0.1008,40.76552,-73.98004,Driver Inattention/Distraction; Following Too Closely
BRUCKNER BOULEVARD @ ZEREGA AVENUE,BRONX,67,0.3731,0.3481,0.3516,0.0049,0.0905,-0.1008,40.827732,-73.84374,Driver Inattention/Distraction; Other Vehicular
EAST 98 STREET @ KINGS HIGHWAY,BROOKLYN,25,0.56,0.4646,0.3703,0.0752,0.8354,-0.1012,40.661995,-73.9196,Driver Inattention/Distraction; Failure To Yield Right-Of-Way
AVENUE D @ ROCKAWAY AVENUE,BROOKLYN,41,0.5122,0.461,0.374,0.031,0.4597,-0.1013,40.65133,-73.90607,Driver Inattention/Distraction; Failure To Yield Right-Of-Way
EAST 161 STREET @ GRAND CONCOURSE,BRONX,41,0.5122,0.4653,0.3476,0.0267,0.4086,-0.1014,40.826836,-73.92263,Driver Inattention/Distraction; Unsafe Speed
2 AVENUE @ EAST 86 STREET,MANHATTAN,26,0.6538,0.5808,0.3284,0.0529,0.6722,-0.1014,40.777874,-73.95175,Driver Inattention/Distraction; Unsafe Speed
KINGS HIGHWAY @ LINDEN BOULEVARD,BROOKLYN,50,0.48,0.433,0.3658,0.0268,0.4085,-0.1019,40.654316,-73.922165,Driver Inattention/Distraction; Unsafe Speed
AVENUE T @ OCEAN PARKWAY,BROOKLYN,47,0.617,0.5706,0.3673,0.0262,0.4008,-0.1021,40.600082,-73.96591,Driver Inattention/Distraction; Failure To Yield Right-Of-Way
ATLANTIC AVENUE @ WASHINGTON AVENUE,BROOKLYN,44,0.5682,0.5237,0.378,0.0243,0.3763,-0.1022,40.681118,-73.964424,Driver Inattention/Distraction; Failure To Yield Right-Of-Way
AVENUE R @ OCEAN PARKWAY,BROOKLYN,27,0.5926,0.5119,0.3658,0.0606,0.7279,-0.1025,40.6048,-73.966805,Failure To Yield Right-Of-Way; Aggressive Driving/Road Rage
FLATLANDS AVENUE @ PENNSYLVANIA AVENUE,BROOKLYN,80,0.4375,0.4208,0.3604,-0.0035,-0.0692,-0.1026,40.652767,-73.8863,Driver Inattention/Distraction; Following Too Closely
EAST 96 STREET @ FDR DRIVE,MANHATTAN,27,0.4074,0.3318,0.337,0.0555,0.6878,-0.1026,40.782887,-73.9439,Driver Inattention/Distraction; Following Too Closely
BORDEN AVENUE @ VAN DAM STREET,QUEENS,35,0.5143,0.442,0.3497,0.0522,0.6602,-0.1027,40.73749,-73.93508,Driver Inattention/Distraction; Passing Or Lane Usage Improper
NORTHERN BOULEVARD @ PARSONS BOULEVARD,QUEENS,49,0.551,0.5158,0.3499,0.0151,0.2506,-0.1028,40.76465,-73.823494,Failure To Yield Right-Of-Way; Following Too Closely
2 AVENUE @ EAST 96 STREET,MANHATTAN,44,0.4773,0.4366,0.3446,0.0205,0.3263,-0.1029,40.784245,-73.9471,Driver Inattention/Distraction; Other Vehicular
157 AVENUE @ CROSS BAY BOULEVARD,QUEENS,32,0.5938,0.5313,0.3533,0.0423,0.5699,-0.1031,40.66252,-73.84071,Driver Inattention/Distraction; Failure To Yield Right-Of-Way
CROSS BRONX EXPRESSWAY @ WESTCHESTER AVENUE,BRONX,28,0.5,0.4208,0.3601,0.059,0.7133,-0.1031,,,Driver Inattention/Distraction; Passing Or Lane Usage Improper
EAST FORDHAM ROAD @ MARION AVENUE,BRONX,34,0.6176,0.5656,0.3469,0.0319,0.4625,-0.1033,40.861828,-73.89286,Driver Inattention/Distraction; Failure To Yield Right-Of-Way
BROOKLYN QUEENS EXPRESSWAY @ LONG ISLAND EXPRESSWAY,QUEENS,28,0.4643,0.3751,0.3339,0.069,0.7836,-0.1036,40.73442,-73.92238,Driver Inattention/Distraction; Other Vehicular
12 AVENUE @ WEST 57 STREET,MANHATTAN,38,0.3684,0.3186,0.3482,0.0296,0.4353,-0.1038,40.77146,-73.994354,Driver Inattention/Distraction; Following Too Closely
EAST TREMONT AVENUE @ WEBSTER AVENUE,BRONX,50,0.58,0.5526,0.3489,0.0073,0.128,-0.1038,40.8477,-73.90097,Driver Inattention/Distraction; Other Vehicular
FOCH BOULEVARD @ VANWYCK EXPRESSWAY,QUEENS,26,0.5,0.4059,0.3546,0.0739,0.8144,-0.104,40.67794,-73.8023,Driver Inattention/Distraction; Following Too Closely
EAST FORDHAM ROAD @ VALENTINE AVENUE,BRONX,28,0.6786,0.6187,0.3497,0.0397,0.5393,-0.1046,40.86226,-73.89589,Driver Inattention/Distraction; Failure To Yield Right-Of-Way
GLENWOOD ROAD @ UTICA AVENUE,BROOKLYN,40,0.55,0.4922,0.3564,0.0376,0.5178,-0.1047,40.635185,-73.92862,Driver Inattention/Distraction; Failure To Yield Right-Of-Way
SAINT NICHOLAS AVENUE @ WEST 145 STREET,MANHATTAN,32,0.4688,0.4117,0.3443,0.0369,0.509,-0.105,40.82403,-73.94476,Driver Inattention/Distraction; Other Vehicular
LINDEN BOULEVARD @ ROCKAWAY AVENUE,BROOKLYN,83,0.4458,0.4316,0.3707,-0.0059,-0.1171,-0.1052,40.65474,-73.90693,Driver Inattention/Distraction; Unsafe Lane Changing
ALLEN STREET @ DELANCEY STREET,MANHATTAN,88,0.4205,0.4154,0.3488,-0.0151,-0.3271,-0.1053,40.719204,-73.99037,Driver Inattention/Distraction; Failure To Yield Right-Of-Way
EAST 163 STREET @ SOUTHERN BOULEVARD,BRONX,30,0.5333,0.4652,0.3567,0.048,0.6136,-0.1053,40.820984,-73.891624,Driver Inattention/Distraction; Following Too Closely
85 STREET @ NORTHERN BOULEVARD,QUEENS,29,0.5172,0.4485,0.3343,0.0486,0.6181,-0.1054,40.75585,-73.88259,Driver Inattention/Distraction; Backing Unsafely
JAMAICA AVENUE @ PENNSYLVANIA AVENUE,BROOKLYN,99,0.3838,0.3801,0.3477,-0.0165,-0.3621,-0.1055,40.67816,-73.897484,Driver Inattention/Distraction; Unsafe Speed
6 AVENUE @ 65 STREET,BROOKLYN,66,0.4394,0.4237,0.3611,-0.0045,-0.0869,-0.106,40.63552,-74.0167,Driver Inattention/Distraction; Failure To Yield Right-Of-Way
EAST 138 STREET @ GERARD AVENUE,BRONX,26,0.4231,0.342,0.3469,0.0609,0.7151,-0.1061,40.813587,-73.931046,Turning Improperly; Driver Inattention/Distraction
ROCKAWAY BOULEVARD @ WOODHAVEN BOULEVARD,QUEENS,32,0.5312,0.4647,0.3493,0.0464,0.5953,-0.1063,40.6807,-73.84465,Driver Inattention/Distraction; Following Too Closely
150 STREET @ HILLSIDE AVENUE,QUEENS,28,0.5714,0.4917,0.3599,0.0595,0.703,-0.1064,40.706635,-73.80659,Driver Inattention/Distraction; Failure To Yield Right-Of-Way
AVENUE OF THE AMERICAS @ WEST 34 STREET,MANHATTAN,42,0.5714,0.535,0.3525,0.0162,0.2593,-0.1065,40.749786,-73.98778,Driver Inattention/Distraction; Failure To Yield Right-Of-Way
JEROME AVENUE @ WEST FORDHAM ROAD,BRONX,32,0.6562,0.6035,0.3457,0.0326,0.4592,-0.1066,40.862755,-73.901085,Driver Inattention/Distraction; Failure To Yield Right-Of-Way
EAST TREMONT AVENUE @ PARK AVENUE,BRONX,44,0.5682,0.5307,0.3359,0.0174,0.2744,-0.1067,40.847366,-73.899506,Driver Inattention/Distraction; Passing Or Lane Usage Improper
WESTCHESTER AVENUE @ WHITLOCK AVENUE,BRONX,52,0.4615,0.4324,0.3421,0.009,0.1521,-0.1069,40.827656,-73.8861,Driver Inattention/Distraction; Traffic Control Disregarded
METROPOLITAN AVENUE @ WOODHAVEN BOULEVARD,QUEENS,49,0.5102,0.4779,0.3441,0.0121,0.1987,-0.1075,40.711845,-73.859764,Failure To Yield Right-Of-Way; Driver Inattention/Distraction
LENOX AVENUE @ WEST 145 STREET,MANHATTAN,47,0.5319,0.5015,0.3562,0.0102,0.1705,-0.1076,40.82044,-73.936226,Driver Inattention/Distraction; Failure To Yield Right-Of-Way
LIBERTY AVENUE @ PENNSYLVANIA AVENUE,BROOKLYN,64,0.4688,0.447,0.3513,0.0016,0.0291,-0.1078,40.674397,-73.896515,Driver Inattention/Distraction; Failure To Yield Right-Of-Way
BEDFORD PARK BOULEVARD @ SOUTHERN BOULEVARD,BRONX,25,0.56,0.47,0.3491,0.0698,0.7685,-0.1083,40.86609,-73.88268,Driver Inattention/Distraction; Following Too Closely
LENOX AVENUE @ WEST 129 STREET,MANHATTAN,25,0.44,0.3733,0.336,0.0465,0.5891,-0.1083,40.810318,-73.943634,Other Vehicular; Driver Inattention/Distraction
CROSS BRONX EXPRESSWAY @ ROSEDALE AVENUE,BRONX,117,0.3675,0.3727,0.3447,-0.0254,-0.5993,-0.1083,40.835968,-73.87,Driver Inattention/Distraction; Following Too Closely
AVENUE V @ FLATBUSH AVENUE,BROOKLYN,77,0.4156,0.3998,0.3658,-0.0044,-0.0831,-0.1086,40.6082,-73.920715,Driver Inattention/Distraction; Passing Or Lane Usage Improper
STORY AVENUE @ WHITE PLAINS ROAD,BRONX,27,0.6296,0.5609,0.3602,0.0486,0.603,-0.1093,40.824207,-73.858795,Driver Inattention/Distraction; Failure To Yield Right-Of-Way
ATLANTIC AVENUE @ HIGHLAND PLACE,BROOKLYN,25,0.44,0.3552,0.3481,0.0646,0.7267,-0.1097,40.679108,-73.88062,Driver Inattention/Distraction; Failure To Yield Right-Of-Way
BAISLEY BOULEVARD @ MERRICK BOULEVARD,QUEENS,33,0.4545,0.3941,0.3497,0.0402,0.5262,-0.1097,40.683784,-73.76974,Driver Inattention/Distraction; Passing Or Lane Usage Improper
EAST 106 STREET @ PARK AVENUE,MANHATTAN,53,0.5472,0.5253,0.3552,0.0017,0.0302,-0.1101,40.79293,-73.94791,Traffic Control Disregarded; Driver Inattention/Distraction
153 LANE @ SOUTH CONDUIT AVENUE,QUEENS,27,0.4815,0.3973,0.3537,0.0641,0.7202,-0.1103,40.666397,-73.785,Driver Inattention/Distraction; Passing Or Lane Usage Improper
CROSS ISLAND PARKWAY @ HILLSIDE AVENUE,QUEENS,67,0.4179,0.3974,0.3678,0.0004,0.0068,-0.1107,40.734234,-73.72275,Following Too Closely; Driver Inattention/Distraction
CLARENDON ROAD @ UTICA AVENUE,BROOKLYN,42,0.5714,0.5267,0.3691,0.0246,0.3545,-0.1113,40.644432,-73.9296,Driver Inattention/Distraction; Failure To Yield Right-Of-Way
GRAND CENTRAL PARKWAY @ LONG ISLAND EXPRESSWAY,QUEENS,81,0.4074,0.3967,0.3685,-0.0095,-0.182,-0.1113,40.739708,-73.84544,Driver Inattention/Distraction; Following Too Closely
EAST 180 STREET @ WEBSTER AVENUE,BRONX,39,0.4615,0.4237,0.3513,0.0177,0.2674,-0.1121,40.852306,-73.89811,Driver Inattention/Distraction; Other Vehicular
EAST 80 STREET @ FLATLANDS AVENUE,BROOKLYN,47,0.5319,0.5088,0.3705,0.003,0.0504,-0.1121,40.635506,-73.913284,Driver Inattention/Distraction; Turning Improperly
AMSTERDAM AVENUE @ WEST 145 STREET,MANHATTAN,30,0.6667,0.613,0.3599,0.0336,0.4504,-0.1124,40.825233,-73.9476,Driver Inattention/Distraction; Failure To Yield Right-Of-Way
BRADLEY AVENUE @ STATEN ISLAND EXPRESSWAY,STATEN ISLAND,27,0.5185,0.4366,0.3504,0.0618,0.6942,-0.1127,40.608154,-74.1321,Driver Inattention/Distraction; Following Too Closely
BROADWAY @ CANAL STREET,MANHATTAN,43,0.3488,0.32,0.3398,0.0087,0.1395,-0.1133,40.719395,-74.00189,Driver Inattention/Distraction; Driver Inexperience
BRUCKNER BOULEVARD @ HUNTS POINT AVENUE,BRONX,163,0.3742,0.3975,0.3454,-0.0434,-1.2165,-0.1134,40.820187,-73.890686,Driver Inattention/Distraction; Following Too Closely
43 STREET @ QUEENS BOULEVARD,QUEENS,33,0.697,0.6532,0.3459,0.0236,0.3369,-0.1138,40.74348,-73.921486,Driver Inattention/Distraction; Failure To Yield Right-Of-Way
2 AVENUE @ EAST 36 STREET,MANHATTAN,46,0.4783,0.4497,0.3496,0.0084,0.1352,-0.1139,40.74608,-73.974945,Driver Inattention/Distraction; Traffic Control Disregarded
BROADWAY @ WEST 178 STREET,MANHATTAN,25,0.44,0.3716,0.3274,0.0482,0.5821,-0.1142,40.848392,-73.93767,Driver Inattention/Distraction; Failure To Yield Right-Of-Way
EASTERN PARKWAY @ WASHINGTON AVENUE,BROOKLYN,40,0.55,0.5046,0.3713,0.0252,0.3527,-0.1149,40.671623,-73.96257,Driver Inattention/Distraction; Following Too Closely
HILLSIDE AVENUE @ VANWYCK EXPRESSWAY,QUEENS,54,0.3519,0.3282,0.3448,0.0035,0.0585,-0.1152,40.70403,-73.81711,Driver Inattention/Distraction; Passing Or Lane Usage Improper
LINDEN BOULEVARD @ WILLIAMS AVENUE,BROOKLYN,39,0.4359,0.3896,0.3708,0.0261,0.361,-0.1156,40.657814,-73.89613,Driver Inattention/Distraction; Traffic Control Disregarded
3 AVENUE @ EAST 63 STREET,MANHATTAN,26,0.5,0.4396,0.3449,0.0402,0.5052,-0.1159,40.764055,-73.96476,Driver Inattention/Distraction; Other Vehicular
FRANCIS LEWIS BOULEVARD @ GRAND CENTRAL PARKWAY,QUEENS,59,0.4746,0.4507,0.3595,0.0037,0.0608,-0.1159,40.726326,-73.7662,Driver Inattention/Distraction; Following Too Closely
ARDEN AVENUE @ DRUMGOOLE ROAD EAST,STATEN ISLAND,36,0.5278,0.4674,0.3368,0.0402,0.5049,-0.1159,40.54653,-74.180435,Failure To Yield Right-Of-Way; Driver Inattention/Distraction
48 STREET @ LAUREL HILL BOULEVARD,QUEENS,38,0.4737,0.4338,0.3373,0.0198,0.2841,-0.1166,40.735413,-73.91835,Driver Inattention/Distraction; Other Vehicular
138 STREET @ HILLSIDE AVENUE,QUEENS,28,0.4643,0.3904,0.3504,0.0538,0.6187,-0.1166,40.704082,-73.81641,Driver Inattention/Distraction; Following Too Closely
3 AVENUE @ EAST 168 STREET,BRONX,33,0.6667,0.6286,0.3604,0.0179,0.2587,-0.1176,40.831055,-73.905846,Failure To Yield Right-Of-Way; Following Too Closely
EAST 175 STREET @ JEROME AVENUE,BRONX,27,0.4815,0.4166,0.3456,0.0447,0.5392,-0.1179,40.84768,-73.91237,Driver Inattention/Distraction; Following Too Closely
10 AVENUE @ WEST 202 STREET,MANHATTAN,25,0.44,0.3706,0.3599,0.0492,0.5772,-0.1179,40.86131,-73.921234,Driver Inattention/Distraction; Traffic Control Disregarded
CHURCH AVENUE @ ROCKAWAY PARKWAY,BROOKLYN,27,0.6667,0.6003,0.3774,0.0462,0.5519,-0.1179,40.65621,-73.914665,Driver Inattention/Distraction; Alcohol Involvement
EAST 163 STREET @ SIMPSON STREET,BRONX,33,0.4242,0.3831,0.3573,0.021,0.2953,-0.1181,40.820972,-73.892845,Driver Inattention/Distraction; Failure To Yield Right-Of-Way
SOUTH CONDUIT AVENUE @ SPRINGFIELD BOULEVARD,QUEENS,40,0.45,0.4128,0.3519,0.0171,0.2468,-0.1184,40.665634,-73.75817,Driver Inattention/Distraction; Passing Too Closely
183 STREET @ LIBERTY AVENUE,QUEENS,26,0.5,0.4313,0.3522,0.0485,0.5697,-0.1185,40.70537,-73.775826,Driver Inattention/Distraction; Failure To Yield Right-Of-Way
BEDFORD AVENUE @ EMPIRE BOULEVARD,BROOKLYN,31,0.7097,0.6685,0.3821,0.021,0.2951,-0.1186,40.663517,-73.957214,Driver Inattention/Distraction; Failure To Yield Right-Of-Way
AVENUE Z @ OCEAN PARKWAY,BROOKLYN,40,0.575,0.5415,0.3586,0.0133,0.1974,-0.1187,40.58667,-73.966153,Driver Inattention/Distraction; Failure To Yield Right-Of-Way
CHRISTOPHER LANE @ VICTORY BOULEVARD,STATEN ISLAND,30,0.4667,0.4076,0.3321,0.0389,0.4819,-0.1194,40.608433,-74.15544,Driver Inattention/Distraction; Following Too Closely
BUSHWICK AVENUE @ COOPER STREET,BROOKLYN,25,0.52,0.452,0.358,0.0479,0.5609,-0.1194,40.684937,-73.91014,Driver Inattention/Distraction; Other Vehicular
12 AVENUE @ WEST 30 STREET,MANHATTAN,31,0.3226,0.2927,0.3482,0.0097,0.1475,-0.1195,40.75449,-74.006744,Passing Too Closely; Following Too Closely
3 AVENUE @ EAST 149 STREET,BRONX,55,0.5818,0.5754,0.3529,-0.0137,-0.2538,-0.1195,40.816067,-73.91765,Driver Inattention/Distraction; Traffic Control Disregarded
BRUCKNER BOULEVARD @ ROSEDALE AVENUE,BRONX,44,0.5455,0.5175,0.3417,0.0078,0.1203,-0.1196,40.8252,-73.867714,Driver Inattention/Distraction; Traffic Control Disregarded
79 STREET @ LINDEN BOULEVARD,QUEENS,45,0.5111,0.488,0.3497,0.003,0.0472,-0.12,40.670403,-73.85629,Failure To Yield Right-Of-Way; Driver Inattention/Distraction
EAST 125 STREET @ LEXINGTON AVENUE,MANHATTAN,44,0.3864,0.3689,0.3427,-0.0027,-0.0458,-0.12,40.804375,-73.93742,Driver Inattention/Distraction; Traffic Control Disregarded
ADAM CLAYTON POWELL JR BOULEVARD @ WEST 125 STREET,MANHATTAN,28,0.5714,0.517,0.3681,0.0343,0.4355,-0.1201,40.80897,-73.948326,Driver Inattention/Distraction; Failure To Yield Right-Of-Way
CLEARVIEW EXPRESSWAY @ UNION TURNPIKE,QUEENS,26,0.5,0.4207,0.3556,0.0592,0.6465,-0.1202,40.732533,-73.76565,Driver Inattention/Distraction; Failure To Yield Right-Of-Way
CHURCH AVENUE @ OCEAN AVENUE,BROOKLYN,33,0.5455,0.5029,0.3692,0.0224,0.3077,-0.1203,40.65008,-73.96101,Failure To Yield Right-Of-Way; Driver Inattention/Distraction
FULTON STREET @ NOSTRAND AVENUE,BROOKLYN,47,0.5532,0.5338,0.3757,-0.0007,-0.0122,-0.1204,40.68039,-73.949554,Driver Inattention/Distraction; Traffic Control Disregarded
50 STREET @ QUEENS BOULEVARD,QUEENS,25,0.64,0.5779,0.3412,0.0419,0.5063,-0.1204,40.74273,-73.91499,Driver Inattention/Distraction; Traffic Control Disregarded
BRADLEY AVENUE @ NORTH GANNON AVENUE,STATEN ISLAND,42,0.4762,0.4462,0.3245,0.0098,0.1477,-0.1206,40.60855,-74.13216,Driver Inattention/Distraction; Failure To Yield Right-Of-Way
WESTCHESTER AVENUE @ WHITE PLAINS ROAD,BRONX,55,0.5273,0.5112,0.3409,-0.0041,-0.0694,-0.1207,40.832897,-73.862274,Driver Inattention/Distraction; Alcohol Involvement
FOREST AVENUE @ UNION AVENUE,STATEN ISLAND,25,0.64,0.5764,0.3331,0.0435,0.5171,-0.1213,40.626217,-74.15783,Driver Inattention/Distraction; Failure To Yield Right-Of-Way
UNION TURNPIKE @ UTOPIA PARKWAY,QUEENS,27,0.5556,0.4886,0.3413,0.0468,0.5445,-0.1216,40.72579,-73.79175,Driver Inattention/Distraction; Following Too Closely
ARTHUR KILL ROAD @ DRUMGOOLE ROAD WEST,STATEN ISLAND,43,0.5349,0.5016,0.338,0.0131,0.1908,-0.1216,40.56152,-74.17186,Driver Inattention/Distraction; Failure To Yield Right-Of-Way
ANTHONY AVENUE @ EAST TREMONT AVENUE,BRONX,32,0.5,0.4565,0.3418,0.0233,0.3148,-0.1218,40.84869,-73.90329,Driver Inattention/Distraction; Failure To Yield Right-Of-Way
BOSTON ROAD @ PELHAM PARKWAY SOUTH,UNKNOWN,27,0.4815,0.4155,0.3669,0.0458,0.5352,-0.1219,,,Driver Inattention/Distraction; Other Vehicular
ROEBLING STREET @ SOUTH 4 STREET,BROOKLYN,28,0.6786,0.6393,0.3502,0.0191,0.265,-0.1221,40.710785,-73.95995,Driver Inattention/Distraction; Failure To Yield Right-Of-Way
ADAMS STREET @ TILLARY STREET,BROOKLYN,116,0.4397,0.4654,0.3607,-0.0459,-1.1764,-0.1224,40.696198,-73.98877,Following Too Closely; Driver Inattention/Distraction
LENOX AVENUE @ WEST 125 STREET,MANHATTAN,55,0.5273,0.521,0.3335,-0.0139,-0.2478,-0.1235,40.80777,-73.94549,Driver Inattention/Distraction; Following Too Closely
65 STREET @ 7 AVENUE,BROOKLYN,67,0.403,0.41,0.3499,-0.0272,-0.5499,-0.124,40.63396,-74.01476,Driver Inattention/Distraction; Failure To Yield Right-Of-Way
CLEARVIEW EXPRESSWAY @ NORTHERN BOULEVARD,QUEENS,63,0.4127,0.4012,0.3709,-0.0087,-0.1477,-0.1242,40.75815,-73.777664,Driver Inattention/Distraction; Following Too Closely
CROSS ISLAND PARKWAY @ JAMAICA AVENUE,QUEENS,38,0.4737,0.4271,0.3324,0.0264,0.3435,-0.1243,40.724335,-73.72464,Following Too Closely; Unsafe Speed
ATLANTIC AVENUE @ NEVINS STREET,BROOKLYN,42,0.4762,0.4496,0.3689,0.0064,0.0966,-0.1243,40.68609,-73.98266,Following Too Closely; Driver Inattention/Distraction
NEW LOTS AVENUE @ PENNSYLVANIA AVENUE,BROOKLYN,46,0.5,0.4779,0.3515,0.0019,0.0296,-0.1244,40.661835,-73.893105,Driver Inattention/Distraction; Following Too Closely
CHAMBERS STREET @ WEST STREET,MANHATTAN,30,0.5667,0.5203,0.3448,0.0262,0.3403,-0.1247,40.717175,-74.01288,Driver Inattention/Distraction; Failure To Yield Right-Of-Way
108 STREET @ HORACE HARDING EXPRESSWAY,QUEENS,93,0.4194,0.435,0.3415,-0.0358,-0.7846,-0.1252,40.737682,-73.85206,Driver Inattention/Distraction; Following Too Closely
RICHMOND AVENUE @ RICHMOND HILL ROAD,STATEN ISLAND,41,0.5122,0.4729,0.3446,0.0191,0.2595,-0.1254,40.588955,-74.167595,Driver Inattention/Distraction; Traffic Control Disregarded
4 AVENUE @ 60 STREET,BROOKLYN,25,0.56,0.4985,0.3636,0.0414,0.4863,-0.1254,40.640835,-74.01844,Driver Inattention/Distraction; Following Too Closely
BOSTON ROAD @ DYRE AVENUE,BRONX,25,0.64,0.5835,0.3363,0.0364,0.4397,-0.1258,40.88471,-73.83131,Failure To Yield Right-Of-Way; Traffic Control Disregarded
CYPRESS AVENUE @ CYPRESS HILLS STREET,QUEENS,52,0.4423,0.4298,0.3593,-0.0076,-0.1266,-0.1258,40.692314,-73.88268,Following Too Closely; Driver Inattention/Distraction
EAST 161 STREET @ MORRIS AVENUE,BRONX,35,0.4571,0.4209,0.3349,0.016,0.2211,-0.1262,40.825577,-73.918465,Driver Inattention/Distraction; Passing Or Lane Usage Improper
3 AVENUE @ EAST 37 STREET,MANHATTAN,45,0.3333,0.3128,0.3345,0.0004,0.0055,-0.1266,40.747627,-73.976746,Driver Inattention/Distraction; Passing Or Lane Usage Improper
62 DRIVE @ JUNCTION BOULEVARD,QUEENS,26,0.5769,0.5303,0.3799,0.0264,0.338,-0.1268,40.73195,-73.86343,Driver Inattention/Distraction; Backing Unsafely
ATLANTIC AVENUE @ FLATBUSH AVENUE,BROOKLYN,107,0.4299,0.4551,0.3553,-0.0454,-1.088,-0.1271,40.68405,-73.97746,Driver Inattention/Distraction; Following Too Closely
BERGEN STREET @ FLATBUSH AVENUE,BROOKLYN,29,0.5517,0.5045,0.3804,0.027,0.3435,-0.1272,40.68087,-73.97515,Driver Inattention/Distraction; Unsafe Lane Changing
BOERUM PLACE @ LIVINGSTON STREET,BROOKLYN,26,0.6154,0.57,0.3719,0.0252,0.3242,-0.1274,40.690994,-73.98931,Failure To Yield Right-Of-Way; Driver Inattention/Distraction
BUSHWICK AVENUE @ MOORE STREET,BROOKLYN,38,0.5,0.4811,0.3641,-0.0013,-0.0198,-0.1277,40.704067,-73.93861,Driver Inattention/Distraction; Failure To Yield Right-Of-Way
EAST HOUSTON STREET @ ESSEX STREET,MANHATTAN,27,0.5185,0.4735,0.3523,0.0249,0.3191,-0.1278,40.72224,-73.9863,Driver Inattention/Distraction; Failure To Yield Right-Of-Way
EAST GUN HILL ROAD @ OLINVILLE AVENUE,BRONX,38,0.4737,0.439,0.3432,0.0146,0.1998,-0.1283,40.877815,-73.868126,Driver Inattention/Distraction; Failure To Yield Right-Of-Way
EAST BURNSIDE AVENUE @ JEROME AVENUE,BRONX,34,0.5294,0.4905,0.3422,0.0187,0.2493,-0.1283,40.853813,-73.90734,Driver Inattention/Distraction; Turning Improperly
BUSHWICK AVENUE @ EASTERN PARKWAY,BROOKLYN,41,0.5366,0.5113,0.3783,0.0052,0.0757,-0.1287,40.681515,-73.90411,Driver Inattention/Distraction; Other Vehicular
LENOX ROAD @ NOSTRAND AVENUE,BROOKLYN,26,0.5769,0.5196,0.3753,0.0371,0.4388,-0.1287,40.65415,-73.949936,Failure To Yield Right-Of-Way; Passing Or Lane Usage Improper
FOSTER AVENUE @ KINGS HIGHWAY,BROOKLYN,26,0.4615,0.4052,0.371,0.0362,0.4298,-0.1289,40.640015,-73.92575,Driver Inattention/Distraction; Passing Or Lane Usage Improper
BROADWAY @ WEST 145 STREET,MANHATTAN,40,0.575,0.5534,0.3674,0.0015,0.0219,-0.1291,40.826427,-73.95045,Driver Inattention/Distraction; View Obstructed/Limited
EAST 116 STREET @ LEXINGTON AVENUE,MANHATTAN,40,0.525,0.5075,0.3432,-0.0026,-0.0406,-0.1292,40.798622,-73.94163,Driver Inattention/Distraction; Failure To Yield Right-Of-Way
ATLANTIC AVENUE @ VANWYCK EXPRESSWAY,UNKNOWN,29,0.4483,0.3963,0.365,0.0318,0.3868,-0.1293,,,Traffic Control Disregarded; Failure To Yield Right-Of-Way
EAST GUN HILL ROAD @ HOLLAND AVENUE,BRONX,25,0.48,0.4223,0.3457,0.0376,0.4411,-0.1294,40.87683,-73.86472,Driver Inattention/Distraction; Failure To Yield Right-Of-Way
ATLANTIC AVENUE @ SCHENECTADY AVENUE,BROOKLYN,52,0.4038,0.3911,0.3733,-0.0074,-0.1194,-0.1296,40.677563,-73.93309,Driver Inattention/Distraction; Driver Inexperience
BRONX RIVER PARKWAY @ BRUCKNER BOULEVARD,BRONX,30,0.4667,0.4143,0.3345,0.0322,0.3901,-0.1297,40.824562,-73.87259,Driver Inattention/Distraction; Unsafe Lane Changing
JUNCTION BOULEVARD @ LONG ISLAND EXPRESSWAY,QUEENS,30,0.5333,0.4818,0.3706,0.0314,0.3817,-0.1298,40.73428,-73.864624,Driver Inattention/Distraction; Driver Inexperience
WILLIAMSBURG STREET WEST @ WYTHE AVENUE,BROOKLYN,102,0.2647,0.2945,0.3537,-0.05,-1.2238,-0.13,40.70166,-73.961464,Driver Inattention/Distraction; Passing Or Lane Usage Improper
EAST 196 STREET @ GRAND CONCOURSE,BRONX,27,0.5926,0.5492,0.3476,0.0232,0.2969,-0.1301,40.867878,-73.893005,Driver Inattention/Distraction; Aggressive Driving/Road Rage
EAST 184 STREET @ GRAND CONCOURSE,BRONX,39,0.5385,0.5217,0.336,-0.0034,-0.0531,-0.1302,40.859306,-73.89885,Driver Inattention/Distraction; Other Vehicular
2 AVENUE @ EAST 128 STREET,MANHATTAN,32,0.2812,0.2541,0.3298,0.007,0.0998,-0.1305,40.80467,-73.93219,Driver Inattention/Distraction; Passing Or Lane Usage Improper
ATLANTIC AVENUE @ NEW YORK AVENUE,BROOKLYN,26,0.5769,0.524,0.3535,0.0328,0.3933,-0.1305,40.678318,-73.94692,Driver Inattention/Distraction; Traffic Control Disregarded
GRAND CENTRAL PARKWAY @ PARSONS BOULEVARD,QUEENS,81,0.4444,0.4518,0.3596,-0.0275,-0.5223,-0.1305,40.715717,-73.80778,Driver Inattention/Distraction; Traffic Control Disregarded
7 AVENUE @ WEST 44 STREET,MANHATTAN,26,0.5769,0.5376,0.3573,0.0192,0.2514,-0.1306,40.75734,-73.986015,Driver Inattention/Distraction; Failure To Yield Right-Of-Way
CHURCH AVENUE @ NEW YORK AVENUE,BROOKLYN,26,0.6154,0.5661,0.3529,0.0292,0.3568,-0.1311,40.650948,-73.94668,Driver Inattention/Distraction; Pedestrian/Bicyclist/Other Pedestrian Error/Confusion
126 STREET @ ROOSEVELT AVENUE,QUEENS,28,0.6429,0.595,0.3392,0.0277,0.3414,-0.1312,40.755337,-73.843254,Driver Inattention/Distraction; Failure To Yield Right-Of-Way
8 AVENUE @ WEST 42 STREET,MANHATTAN,56,0.4821,0.4921,0.3572,-0.0301,-0.5821,-0.1316,40.757233,-73.9898,Driver Inattention/Distraction; Failure To Yield Right-Of-Way
FRANKLIN AVENUE @ FULTON STREET,BROOKLYN,26,0.6538,0.6192,0.3772,0.0145,0.1944,-0.1316,40.681137,-73.955666,Driver Inattention/Distraction; Backing Unsafely
BEDFORD AVENUE @ FULTON STREET,BROOKLYN,27,0.5185,0.48,0.381,0.0184,0.2398,-0.1321,40.68064,-73.95337,Driver Inattention/Distraction; Other Vehicular
NEPTUNE AVENUE @ WEST 5 STREET,BROOKLYN,32,0.625,0.597,0.3885,0.0078,0.1091,-0.1323,40.579803,-73.97183,Driver Inattention/Distraction; Following Too Closely
FARMERS BOULEVARD @ LINDEN BOULEVARD,QUEENS,37,0.5405,0.5157,0.346,0.0047,0.0669,-0.1327,40.691666,-73.76239,Failure To Yield Right-Of-Way; Driver Inattention/Distraction
212 STREET @ HILLSIDE AVENUE,QUEENS,47,0.383,0.3706,0.3488,-0.0078,-0.1216,-0.1328,40.72469,-73.7541,Driver Inattention/Distraction; Turning Improperly
CLAREMONT PARKWAY @ CROTONA AVENUE,BRONX,37,0.5405,0.513,0.3475,0.0074,0.1034,-0.1334,40.83648,-73.897736,Driver Inattention/Distraction; Unsafe Speed
10 AVENUE @ WEST 207 STREET,MANHATTAN,64,0.4062,0.417,0.3563,-0.0309,-0.5909,-0.1335,40.864464,-73.918945,Driver Inattention/Distraction; Traffic Control Disregarded
ELIOT AVENUE @ WOODHAVEN BOULEVARD,QUEENS,40,0.475,0.4481,0.331,0.0067,0.0938,-0.1341,40.729515,-73.8715,Driver Inattention/Distraction; Failure To Yield Right-Of-Way
BRONX PARK AVENUE @ EAST 177 STREET,BRONX,32,0.4375,0.4024,0.3357,0.015,0.1966,-0.1343,40.838238,-73.876686,Driver Inattention/Distraction; Other Vehicular
BROADWAY @ WEST 96 STREET,MANHATTAN,35,0.5714,0.5532,0.3594,-0.0019,-0.0278,-0.1345,40.79465,-73.97179,Driver Inattention/Distraction; Failure To Yield Right-Of-Way
QUEENS BOULEVARD @ SKILLMAN AVENUE,QUEENS,52,0.4615,0.4579,0.3339,-0.0165,-0.2737,-0.1347,40.746033,-73.93441,Driver Inattention/Distraction; Failure To Yield Right-Of-Way
DEKALB AVENUE @ EAST GUN HILL ROAD,BRONX,25,0.48,0.4288,0.3482,0.0311,0.3656,-0.1354,40.882217,-73.88046,Driver Inattention/Distraction; Passing Too Closely
NOSTRAND AVENUE @ PACIFIC STREET,BROOKLYN,25,0.44,0.3877,0.3822,0.0321,0.3748,-0.1358,40.67765,-73.94977,Driver Inattention/Distraction; Other Vehicular
135 AVENUE @ BROOKVILLE BOULEVARD,QUEENS,27,0.5185,0.4609,0.3529,0.0375,0.423,-0.1361,40.67221,-73.73463,Driver Inattention/Distraction; Failure To Yield Right-Of-Way
FARMERS BOULEVARD @ SOUTH CONDUIT AVENUE,QUEENS,68,0.3824,0.3906,0.3468,-0.0284,-0.5145,-0.1365,40.666695,-73.767136,Driver Inattention/Distraction; Failure To Yield Right-Of-Way
GRAND STREET @ UNION AVENUE,BROOKLYN,40,0.65,0.6397,0.3624,-0.0099,-0.1523,-0.1368,40.710957,-73.951126,Driver Inattention/Distraction; Failure To Yield Right-Of-Way
BOSTON ROAD @ EASTCHESTER ROAD,BRONX,27,0.5556,0.5051,0.3344,0.0303,0.3553,-0.1369,40.877033,-73.846375,Failure To Yield Right-Of-Way; Driver Inattention/Distraction
69 STREET @ NORTHERN BOULEVARD,QUEENS,26,0.5385,0.4849,0.3381,0.0334,0.3825,-0.1376,40.75428,-73.89751,Driver Inattention/Distraction; Failure To Yield Right-Of-Way
EASTERN PARKWAY @ ROCHESTER AVENUE,BROOKLYN,49,0.5714,0.562,0.3739,-0.0107,-0.1657,-0.1379,40.668648,-73.928345,Driver Inattention/Distraction; Unsafe Speed
BRUCKNER BOULEVARD @ EAST TREMONT AVENUE,BRONX,36,0.4167,0.3918,0.3508,0.0047,0.0642,-0.1384,40.833282,-73.828357,Driver Inattention/Distraction; Failure To Yield Right-Of-Way
BRONX BOULEVARD @ EAST 233 STREET,BRONX,43,0.4186,0.4123,0.3399,-0.0138,-0.2173,-0.1384,40.89466,-73.86137,Driver Inattention/Distraction; Failure To Yield Right-Of-Way
UNIVERSITY AVENUE @ WEST FORDHAM ROAD,BRONX,85,0.4941,0.5243,0.3505,-0.0503,-1.1183,-0.1384,40.862747,-73.90494,Driver Inattention/Distraction; Failure To Yield Right-Of-Way
FRANCIS LEWIS BOULEVARD @ UNION TURNPIKE,QUEENS,31,0.4839,0.4382,0.3654,0.0255,0.3037,-0.1389,40.731777,-73.77011,Driver Inattention/Distraction; Following Too Closely
PELHAM PARKWAY SOUTH @ WILLIAMSBRIDGE ROAD,UNKNOWN,38,0.4474,0.4206,0.36,0.0067,0.0896,-0.139,,,Driver Inattention/Distraction; Other Vehicular
AMSTERDAM AVENUE @ WEST 155 STREET,MANHATTAN,26,0.4615,0.4218,0.3611,0.0196,0.2414,-0.1395,40.831566,-73.942986,Driver Inattention/Distraction; Failure To Yield Right-Of-Way
CLOVE ROAD @ NARROWS ROAD NORTH,STATEN ISLAND,44,0.4318,0.4148,0.3242,-0.0031,-0.0446,-0.1395,40.61135,-74.09847,Driver Inattention/Distraction; Following Too Closely
GRAND STREET @ LORIMER STREET,BROOKLYN,25,0.64,0.6195,0.3624,0.0003,0.0047,-0.1396,40.711166,-73.9489,Driver Inattention/Distraction; Other Vehicular
HYLAN BOULEVARD @ REID AVENUE,STATEN ISLAND,31,0.5161,0.4828,0.3278,0.0131,0.1686,-0.1397,40.59415,-74.086586,Failure To Yield Right-Of-Way; Backing Unsafely
1 AVENUE @ EAST 37 STREET,MANHATTAN,28,0.6071,0.5751,0.3439,0.0119,0.1542,-0.1397,40.74568,-73.97213,Driver Inattention/Distraction; Failure To Yield Right-Of-Way
LINDEN BOULEVARD @ MOTHER GASTON BOULEVARD,BROOKLYN,29,0.5172,0.4622,0.3684,0.0349,0.3918,-0.1398,40.65531,-73.903175,Driver Inattention/Distraction; Turning Improperly
AVENUE WEST @ OCEAN PARKWAY,BROOKLYN,40,0.5,0.4816,0.3736,-0.0017,-0.0245,-0.1398,40.593323,-73.964645,Driver Inattention/Distraction; Traffic Control Disregarded
KISSENA BOULEVARD @ LONG ISLAND EXPRESSWAY,QUEENS,41,0.5122,0.4925,0.3814,-0.0005,-0.0064,-0.1409,40.739227,-73.815094,Driver Inattention/Distraction; Following Too Closely
MERMAID AVENUE @ STILLWELL AVENUE,BROOKLYN,25,0.6,0.5676,0.3674,0.0122,0.156,-0.1414,40.57698,-73.981575,Driver Inattention/Distraction; Failure To Yield Right-Of-Way
BURGHER AVENUE @ HYLAN BOULEVARD,STATEN ISLAND,25,0.56,0.4991,0.3285,0.0408,0.4386,-0.1415,40.59075,-74.08837,Driver Inattention/Distraction; Failure To Yield Right-Of-Way
FOREST AVENUE @ SOUTH AVENUE,STATEN ISLAND,27,0.5556,0.5121,0.3298,0.0233,0.2771,-0.1416,40.627365,-74.166565,Driver Inattention/Distraction; Failure To Yield Right-Of-Way
9 AVENUE @ WEST 46 STREET,MANHATTAN,27,0.5926,0.5596,0.3562,0.0128,0.1628,-0.1416,40.76099,-73.99077,Failure To Yield Right-Of-Way; Driver Inattention/Distraction
DYCKMAN STREET @ NAGLE AVENUE,MANHATTAN,44,0.3864,0.3835,0.3494,-0.0173,-0.2717,-0.1417,40.86159,-73.92475,Driver Inattention/Distraction; Failure To Yield Right-Of-Way
COOPER AVENUE @ CYPRESS AVENUE,QUEENS,40,0.425,0.4111,0.3544,-0.0062,-0.0901,-0.1419,40.694107,-73.89737,Driver Inattention/Distraction; Failure To Yield Right-Of-Way
3 AVENUE @ EAST 59 STREET,MANHATTAN,55,0.3091,0.3271,0.3326,-0.0382,-0.7193,-0.1423,40.76155,-73.96659,Driver Inattention/Distraction; Failure To Yield Right-Of-Way
94 STREET @ GRAND CENTRAL PARKWAY,QUEENS,55,0.4,0.4046,0.3551,-0.0248,-0.4119,-0.1427,40.772045,-73.87623,Driver Inattention/Distraction; Unsafe Speed
12 AVENUE @ WEST 34 STREET,MANHATTAN,50,0.34,0.3538,0.3448,-0.0339,-0.6112,-0.1428,40.75702,-74.00494,Following Too Closely; Passing Too Closely
DEVOE AVENUE @ EAST 177 STREET,BRONX,26,0.3462,0.3066,0.3434,0.0194,0.2339,-0.143,40.838844,-73.87817,Driver Inattention/Distraction; Other Vehicular
AMSTERDAM AVENUE @ WEST 179 STREET,MANHATTAN,44,0.3182,0.3218,0.3607,-0.0238,-0.3904,-0.1432,40.8468,-73.93185,Driver Inattention/Distraction; Passing Too Closely
HYLAN BOULEVARD @ NARROWS ROAD SOUTH,STATEN ISLAND,52,0.4231,0.4238,0.3206,-0.0209,-0.3337,-0.1434,40.605427,-74.0762,Driver Inattention/Distraction; Passing Or Lane Usage Improper
METCALF AVENUE @ STORY AVENUE,BRONX,30,0.5667,0.5394,0.3479,0.0071,0.0919,-0.1441,40.82256,-73.87101,Failure To Yield Right-Of-Way; Driver Inattention/Distraction
MAIN STREET @ UNION TURNPIKE,QUEENS,42,0.4762,0.4684,0.3473,-0.0124,-0.1835,-0.1444,40.717678,-73.81713,Driver Inattention/Distraction; Failure To Yield Right-Of-Way
31 STREET @ HOYT AVENUE NORTH,QUEENS,43,0.4186,0.4142,0.3547,-0.0157,-0.2391,-0.1444,40.77077,-73.91727,Driver Inattention/Distraction; Turning Improperly
34 AVENUE @ JUNCTION BOULEVARD,QUEENS,26,0.6154,0.5744,0.355,0.0208,0.2467,-0.1445,40.755028,-73.872696,Driver Inattention/Distraction; Alcohol Involvement
GRAND CENTRAL PARKWAY @ MAIN STREET,QUEENS,77,0.4026,0.4233,0.3607,-0.0409,-0.772,-0.1446,40.715637,-73.81636,Driver Inattention/Distraction; Following Too Closely
HYLAN BOULEVARD @ LINCOLN AVENUE,STATEN ISLAND,48,0.4375,0.4308,0.3397,-0.0134,-0.2006,-0.1448,40.576504,-74.1037,Driver Inattention/Distraction; Failure To Yield Right-Of-Way
HOOK CREEK BOULEVARD @ SUNRISE HIGHWAY,QUEENS,40,0.475,0.4617,0.3574,-0.0069,-0.0975,-0.1452,40.665558,-73.72985,Driver Inattention/Distraction; Failure To Yield Right-Of-Way
ARTHUR AVENUE @ EAST FORDHAM ROAD,BRONX,32,0.5,0.478,0.3353,0.0018,0.024,-0.1454,40.858418,-73.88514,Driver Inattention/Distraction; Other Vehicular
LINDEN BOULEVARD @ SNEDIKER AVENUE,BROOKLYN,32,0.4375,0.4112,0.3394,0.0062,0.0798,-0.1456,40.65753,-73.89797,Driver Inattention/Distraction; Traffic Control Disregarded
FOREST AVENUE @ WILLOW ROAD WEST,STATEN ISLAND,46,0.4783,0.4716,0.3376,-0.0135,-0.1999,-0.1457,40.624912,-74.146706,Driver Inattention/Distraction; Failure To Yield Right-Of-Way
BAY PARKWAY @ CROPSEY AVENUE,BROOKLYN,52,0.4808,0.4845,0.381,-0.0238,-0.3835,-0.1457,40.597267,-73.99866,Driver Inattention/Distraction; Failure To Yield Right-Of-Way
GRAND CENTRAL PARKWAY @ LITTLE NECK PARKWAY,QUEENS,43,0.4419,0.4264,0.3706,-0.0047,-0.0646,-0.1459,40.753086,-73.72211,Driver Inattention/Distraction; Following Too Closely
ELIOT AVENUE @ QUEENS BOULEVARD,QUEENS,25,0.48,0.44,0.3465,0.0199,0.2342,-0.1463,40.732582,-73.86806,Driver Inattention/Distraction; Failure To Yield Right-Of-Way
ROCKAWAY AVENUE @ SUTTER AVENUE,BROOKLYN,31,0.5484,0.5226,0.382,0.0057,0.0729,-0.1463,40.667156,-73.9101,Driver Inattention/Distraction; Other Vehicular
ASHFORD STREET @ LIBERTY AVENUE,BROOKLYN,26,0.5,0.4461,0.3615,0.0338,0.3673,-0.1464,40.67601,-73.885666,Driver Inattention/Distraction; Failure To Yield Right-Of-Way
PENNSYLVANIA AVENUE @ SUTTER AVENUE,BROOKLYN,32,0.4688,0.4441,0.3501,0.0045,0.0581,-0.1465,40.66937,-73.89523,Driver Inattention/Distraction; Following Too Closely
31 AVENUE @ STEINWAY STREET,QUEENS,28,0.5357,0.5127,0.348,0.0028,0.0371,-0.1467,40.76132,-73.9171,Failure To Yield Right-Of-Way; Passing Or Lane Usage Improper
ATLANTIC AVENUE @ FRANKLIN AVENUE,BROOKLYN,27,0.5556,0.5267,0.3806,0.0087,0.1103,-0.1467,40.679203,-73.95529,Driver Inattention/Distraction; Reaction To Uninvolved Vehicle
EAST 61 STREET @ YORK AVENUE,MANHATTAN,30,0.4,0.3737,0.3564,0.0061,0.0784,-0.1468,40.75991,-73.95882,Driver Inattention/Distraction; Other Vehicular
130 STREET @ NORTH CONDUIT AVENUE,QUEENS,41,0.4146,0.4136,0.3459,-0.0191,-0.2925,-0.1469,40.66708,-73.81033,Driver Inattention/Distraction; Failure To Yield Right-Of-Way
BROADWAY @ HALSEY STREET,BROOKLYN,25,0.44,0.4004,0.3566,0.0194,0.2282,-0.1472,40.68576,-73.915504,Driver Inattention/Distraction; Following Too Closely
ASHLAND PLACE @ FULTON STREET,BROOKLYN,30,0.5333,0.5206,0.3478,-0.0074,-0.1028,-0.1482,40.68787,-73.978355,Driver Inattention/Distraction; Failure To Yield Right-Of-Way
BRUCKNER BOULEVARD @ WILLIS AVENUE,BRONX,32,0.375,0.3484,0.3492,0.0064,0.0813,-0.1485,40.805817,-73.92503,Driver Inattention/Distraction; Following Too Closely
4 AVENUE @ PROSPECT AVENUE,BROOKLYN,44,0.4773,0.4755,0.3525,-0.0184,-0.2766,-0.1486,40.66551,-73.992775,Failure To Yield Right-Of-Way; Driver Inattention/Distraction
LINDEN BOULEVARD @ UTICA AVENUE,BROOKLYN,36,0.4444,0.4268,0.3557,-0.0025,-0.0335,-0.1492,40.653805,-73.93061,Driver Inattention/Distraction; Other Vehicular
94 AVENUE @ SUTPHIN BOULEVARD,QUEENS,31,0.5484,0.5246,0.3336,0.0036,0.0461,-0.1494,40.699017,-73.80696,Driver Inattention/Distraction; Following Too Closely
BRUCKNER BOULEVARD @ EDGEWATER ROAD,BRONX,29,0.4483,0.4172,0.3301,0.0109,0.1333,-0.1495,40.822533,-73.88509,Driver Inattention/Distraction; Following Too Closely
3 AVENUE @ EAST 135 STREET,BRONX,48,0.3542,0.3586,0.3416,-0.0246,-0.3861,-0.1496,40.809563,-73.92923,Driver Inattention/Distraction; Following Too Closely
HILLSIDE AVENUE @ SPRINGFIELD BOULEVARD,QUEENS,29,0.5517,0.5228,0.3509,0.0088,0.1088,-0.15,40.72981,-73.74469,Driver Inattention/Distraction; Failure To Yield Right-Of-Way
BAY STREET @ VICTORY BOULEVARD,STATEN ISLAND,30,0.4333,0.4132,0.3212,0.0,0.0001,-0.15,40.63777,-74.07602,Driver Inattention/Distraction; Failure To Yield Right-Of-Way
37 AVENUE @ JUNCTION BOULEVARD,QUEENS,31,0.5484,0.533,0.3433,-0.0048,-0.0642,-0.1503,40.751545,-73.87085,Driver Inattention/Distraction; Failure To Yield Right-Of-Way
PENNSYLVANIA AVENUE @ SEAVIEW AVENUE,BROOKLYN,37,0.4595,0.4434,0.364,-0.0041,-0.0545,-0.1503,40.64404,-73.877525,Following Too Closely; Driver Inattention/Distraction
HUMBOLDT STREET @ MEEKER AVENUE,BROOKLYN,51,0.3529,0.3646,0.3616,-0.0318,-0.5261,-0.1504,40.720238,-73.94441,Driver Inattention/Distraction; Following Too Closely
GRAND CONCOURSE @ MOUNT EDEN PARKWAY,BRONX,27,0.5926,0.5624,0.3663,0.0101,0.1228,-0.1505,40.843174,-73.91196,Driver Inattention/Distraction; Traffic Control Disregarded
ROOSEVELT AVENUE @ UNION STREET,QUEENS,29,0.5172,0.4974,0.36,-0.0003,-0.0038,-0.1508,40.760464,-73.826546,Failure To Yield Right-Of-Way; Following Too Closely
LEFFERTS BOULEVARD @ NASSAU EXPRESSWAY,QUEENS,30,0.5,0.4656,0.3434,0.0143,0.1693,-0.1509,40.66386,-73.82296,Driver Inattention/Distraction; Following Too Closely
2 AVENUE @ EAST 105 STREET,MANHATTAN,27,0.4815,0.4697,0.3348,-0.0084,-0.115,-0.151,40.789948,-73.94293,Driver Inattention/Distraction; Failure To Yield Right-Of-Way
AVENUE L @ OCEAN PARKWAY,BROOKLYN,45,0.5111,0.5079,0.3708,-0.017,-0.2476,-0.1512,40.619396,-73.969574,Failure To Yield Right-Of-Way; Driver Inattention/Distraction
EAST FORDHAM ROAD @ GRAND CONCOURSE,BRONX,40,0.55,0.5536,0.3394,-0.0238,-0.3647,-0.1514,40.862442,-73.89715,Driver Inattention/Distraction; Failure To Yield Right-Of-Way
1 AVENUE @ EAST 120 STREET,MANHATTAN,31,0.4839,0.4668,0.3463,-0.0031,-0.041,-0.1514,40.798584,-73.93353,Driver Inattention/Distraction; Other Vehicular
PELHAM PARKWAY SOUTH @ WHITE PLAINS ROAD,UNKNOWN,26,0.5,0.4673,0.3644,0.0125,0.1493,-0.1515,,,Driver Inattention/Distraction; Following Too Closely
EAST 170 STREET @ MORRIS AVENUE,BRONX,30,0.5333,0.5099,0.3578,0.0032,0.0411,-0.1516,40.837864,-73.9114,Driver Inattention/Distraction; Driver Inexperience
ARCHER AVENUE @ MERRICK BOULEVARD,QUEENS,25,0.56,0.517,0.3575,0.0229,0.2566,-0.1517,40.704422,-73.792854,Driver Inattention/Distraction; Traffic Control Disregarded
4 AVENUE @ 9 STREET,BROOKLYN,35,0.4857,0.4937,0.3527,-0.0281,-0.4454,-0.1517,40.670357,-73.98872,Driver Inattention/Distraction; Failure To Yield Right-Of-Way
BEDFORD AVENUE @ WILLIAMSBURG STREET WEST,BROOKLYN,27,0.5556,0.5315,0.3624,0.0039,0.0495,-0.1517,40.703434,-73.96035,Driver Inattention/Distraction; Failure To Yield Right-Of-Way
69 STREET @ ELIOT AVENUE,QUEENS,29,0.5517,0.5267,0.3433,0.0049,0.061,-0.1519,40.71946,-73.89117,Failure To Yield Right-Of-Way; Driver Inattention/Distraction
BROADWAY @ FLUSHING AVENUE,BROOKLYN,65,0.5231,0.5568,0.3714,-0.0539,-1.0774,-0.1519,40.700726,-73.941935,Driver Inattention/Distraction; Failure To Yield Right-Of-Way
BOSTON ROAD @ CONNER STREET,BRONX,28,0.4643,0.4293,0.3368,0.0148,0.1741,-0.1521,40.88599,-73.82792,Driver Inattention/Distraction; Failure To Yield Right-Of-Way
BUSHWICK AVENUE @ MYRTLE AVENUE,BROOKLYN,39,0.5128,0.5133,0.3613,-0.0206,-0.307,-0.1524,40.697315,-73.93227,Driver Inattention/Distraction; Failure To Yield Right-Of-Way
3 AVENUE @ 3 STREET,BROOKLYN,25,0.44,0.4196,0.3578,0.0002,0.003,-0.1525,40.675076,-73.98801,Passing Or Lane Usage Improper; Driver Inattention/Distraction
3 AVENUE @ EAST 57 STREET,MANHATTAN,29,0.5517,0.5367,0.3431,-0.0051,-0.0684,-0.1526,40.76025,-73.96753,Driver Inattention/Distraction; Driver Inexperience
EAST 167 STREET @ MORRIS AVENUE,BRONX,26,0.5769,0.5452,0.3594,0.0115,0.1377,-0.1528,40.833286,-73.914085,Driver Inattention/Distraction; Failure To Yield Right-Of-Way
43 STREET @ ASTORIA BOULEVARD,QUEENS,26,0.4615,0.4238,0.3428,0.0176,0.202,-0.1529,40.768887,-73.90691,Traffic Control Disregarded; Driver Inattention/Distraction
AVENUE P @ OCEAN PARKWAY,BROOKLYN,45,0.5778,0.5809,0.3719,-0.0233,-0.3526,-0.1529,40.609417,-73.9677,Driver Inattention/Distraction; Failure To Yield Right-Of-Way
EAST FORDHAM ROAD @ JEROME AVENUE,BRONX,30,0.5,0.4849,0.3388,-0.005,-0.0663,-0.1531,40.862755,-73.901085,Driver Inattention/Distraction; Traffic Control Disregarded
2 AVENUE @ EAST 59 STREET,MANHATTAN,58,0.4138,0.4398,0.3384,-0.0461,-0.8429,-0.1534,40.7606,-73.964325,Driver Inattention/Distraction; Failure To Yield Right-Of-Way
2 AVENUE @ EAST 23 STREET,MANHATTAN,42,0.4286,0.4395,0.3497,-0.0311,-0.4986,-0.1535,40.737885,-73.980905,Failure To Yield Right-Of-Way; Driver Inattention/Distraction
FOREST PARK DRIVE @ WOODHAVEN BOULEVARD,QUEENS,32,0.625,0.6135,0.3562,-0.0087,-0.1175,-0.1538,40.700592,-73.85457,Following Too Closely; Passing Or Lane Usage Improper
EASTERN PARKWAY @ FRANKLIN AVENUE,BROOKLYN,28,0.6429,0.6251,0.3797,-0.0024,-0.031,-0.1545,40.67066,-73.957982,Driver Inattention/Distraction; Following Too Closely
LINDEN BOULEVARD @ POWELL STREET,BROOKLYN,25,0.4,0.3571,0.3337,0.0227,0.2508,-0.1549,40.657227,-73.900764,Other Vehicular; Following Too Closely
DELANCEY STREET @ LUDLOW STREET,MANHATTAN,44,0.3864,0.4022,0.352,-0.036,-0.5936,-0.155,40.718792,-73.98902,Driver Inattention/Distraction; Failure To Yield Right-Of-Way
LENOX AVENUE @ WEST 139 STREET,MANHATTAN,25,0.44,0.4152,0.3413,0.0046,0.0569,-0.155,40.81666,-73.938995,Other Vehicular; Driver Inattention/Distraction
LINDEN BOULEVARD @ ROGERS AVENUE,BROOKLYN,26,0.5,0.4712,0.3665,0.0086,0.1029,-0.1557,40.65249,-73.95267,Driver Inattention/Distraction; Passing Or Lane Usage Improper
BRIGHTON BEACH AVENUE @ OCEAN PARKWAY,BROOKLYN,33,0.5758,0.5632,0.3862,-0.0076,-0.101,-0.1558,40.576305,-73.96853,Driver Inattention/Distraction; Failure To Yield Right-Of-Way
57 ROAD @ COLLEGE POINT BOULEVARD,QUEENS,30,0.5,0.4717,0.3438,0.0082,0.0974,-0.156,40.746887,-73.8347,Following Too Closely; Failure To Yield Right-Of-Way
CROSS BRONX EXPRESSWAY @ WEBSTER AVENUE,BRONX,43,0.4186,0.4192,0.3536,-0.0208,-0.2985,-0.1572,40.844578,-73.902695,Driver Inattention/Distraction; Following Too Closely
114 STREET @ ROOSEVELT AVENUE,QUEENS,46,0.4783,0.4947,0.3417,-0.0366,-0.5924,-0.1575,40.75254,-73.85261,Driver Inattention/Distraction; Following Too Closely
EAST TREMONT AVENUE @ WHITE PLAINS ROAD,BRONX,36,0.5,0.5064,0.3534,-0.0265,-0.3961,-0.1577,40.841087,-73.86448,Driver Inattention/Distraction; Failure To Yield Right-Of-Way
EAST 167 STREET @ GRAND CONCOURSE,BRONX,29,0.5517,0.5349,0.3309,-0.0033,-0.0417,-0.1583,40.834515,-73.91771,Driver Inattention/Distraction; Traffic Control Disregarded
CANAL STREET @ VARICK STREET,MANHATTAN,48,0.25,0.2741,0.3574,-0.0442,-0.7595,-0.1583,40.72255,-74.00631,Driver Inattention/Distraction; Following Too Closely
ATLANTIC AVENUE @ LEFFERTS BOULEVARD,QUEENS,25,0.48,0.4553,0.3416,0.0045,0.0546,-0.1584,40.69405,-73.82802,Alcohol Involvement; Traffic Control Disregarded
STATEN ISLAND EXPRESSWAY @ VICTORY BOULEVARD,STATEN ISLAND,25,0.44,0.3984,0.3225,0.0214,0.2335,-0.1585,40.609497,-74.150185,Driver Inattention/Distraction; Following Too Closely
DELANCEY STREET @ ORCHARD STREET,MANHATTAN,38,0.4211,0.4289,0.3448,-0.028,-0.4196,-0.1588,40.719025,-73.98978,Driver Inattention/Distraction; Failure To Yield Right-Of-Way
BROADWAY @ WEST 133 STREET,MANHATTAN,28,0.4286,0.4063,0.3559,0.0021,0.0259,-0.1592,40.8188,-73.956024,Driver Inattention/Distraction; Traffic Control Disregarded
FLATBUSH AVENUE @ LAFAYETTE AVENUE,BROOKLYN,46,0.4348,0.4537,0.3626,-0.0391,-0.6358,-0.1596,40.68668,-73.97937,Driver Inattention/Distraction; Passing Or Lane Usage Improper
HORACE HARDING EXPRESSWAY @ SPRINGFIELD BOULEVARD,QUEENS,33,0.4545,0.4378,0.3603,-0.0034,-0.0425,-0.1597,40.74733,-73.755806,Driver Inattention/Distraction; Following Too Closely
ATLANTIC AVENUE @ EASTERN PARKWAY,BROOKLYN,98,0.398,0.4475,0.3738,-0.0697,-1.5123,-0.16,40.67619,-73.9081,Driver Inattention/Distraction; Other Vehicular
MURRAY STREET @ WEST STREET,MANHATTAN,38,0.4474,0.4538,0.3297,-0.0266,-0.3898,-0.1603,40.715237,-74.01339,Driver Inattention/Distraction; Passing Or Lane Usage Improper
65 PLACE @ QUEENS BOULEVARD,QUEENS,81,0.3951,0.4379,0.3424,-0.063,-1.2694,-0.1604,40.740894,-73.89961,Driver Inattention/Distraction; Turning Improperly
10 AVENUE @ WEST 42 STREET,MANHATTAN,48,0.3542,0.3838,0.3538,-0.0498,-0.8821,-0.1605,40.759624,-73.99548,Driver Inattention/Distraction; Passing Too Closely
PARSONS BOULEVARD @ UNION TURNPIKE,QUEENS,31,0.5161,0.5063,0.3392,-0.0103,-0.134,-0.1607,40.71991,-73.809044,Driver Inattention/Distraction; Failure To Yield Right-Of-Way
77 STREET @ ASTORIA BOULEVARD,QUEENS,43,0.3488,0.3559,0.3298,-0.0273,-0.3991,-0.1612,40.766685,-73.892136,Driver Inattention/Distraction; Following Too Closely
METROPOLITAN AVENUE @ VANDERVORT AVENUE,BROOKLYN,35,0.4,0.3954,0.3479,-0.0155,-0.2083,-0.1617,40.714382,-73.93345,Driver Inattention/Distraction; Other Vehicular
ROCKAWAY PARKWAY @ SKIDMORE AVENUE,BROOKLYN,48,0.4792,0.4905,0.3709,-0.0315,-0.4721,-0.1623,40.632435,-73.88818,Driver Inattention/Distraction; Failure To Yield Right-Of-Way
BROADWAY @ GATES AVENUE,BROOKLYN,33,0.4848,0.4839,0.3649,-0.0192,-0.2629,-0.1624,40.68949,-73.92207,Driver Inattention/Distraction; Following Too Closely
MACOMBS DAM BRIDGE @ MAJOR DEEGAN EXPRESSWAY,BRONX,54,0.4259,0.4478,0.339,-0.042,-0.6816,-0.1628,40.828407,-73.93125,Driver Inattention/Distraction; Traffic Control Disregarded
AMSTERDAM AVENUE @ WEST 178 STREET,MANHATTAN,52,0.2885,0.3175,0.3514,-0.0492,-0.8482,-0.1629,40.846153,-73.932335,Driver Inattention/Distraction; Following Too Closely
BEDFORD AVENUE @ CHURCH AVENUE,BROOKLYN,31,0.5484,0.5491,0.3643,-0.0209,-0.2874,-0.1634,40.650528,-73.95583,Driver Inattention/Distraction; Failure To Yield Right-Of-Way
156 AVENUE @ CROSS BAY BOULEVARD,QUEENS,53,0.4528,0.4775,0.3484,-0.0448,-0.7416,-0.1634,40.664192,-73.841125,Driver Inattention/Distraction; Failure To Yield Right-Of-Way
JAMAICA AVENUE @ SPRINGFIELD BOULEVARD,QUEENS,32,0.5312,0.5258,0.3597,-0.0147,-0.193,-0.1637,40.718502,-73.73527,Driver Inattention/Distraction; Failure To Yield Right-Of-Way
BOOTH MEMORIAL AVENUE @ MAIN STREET,QUEENS,33,0.5455,0.5627,0.366,-0.0374,-0.5804,-0.1638,40.746555,-73.8262,Failure To Yield Right-Of-Way; Passing Or Lane Usage Improper
ARTHUR KILL ROAD @ RICHMOND AVENUE,STATEN ISLAND,49,0.4286,0.4507,0.3354,-0.0423,-0.6799,-0.1643,40.561092,-74.16984,Driver Inattention/Distraction; Following Too Closely
BRONX RIVER AVENUE @ BRUCKNER BOULEVARD,BRONX,58,0.4483,0.4771,0.344,-0.049,-0.8323,-0.1644,40.82325,-73.88277,Driver Inattention/Distraction; Following Too Closely
WILLIAMSBURG STREET EAST @ WYTHE AVENUE,BROOKLYN,41,0.4146,0.4362,0.3517,-0.0417,-0.666,-0.1644,40.70113,-73.96087,Driver Inattention/Distraction; Passing Or Lane Usage Improper
9 AVENUE @ WEST 40 STREET,MANHATTAN,25,0.44,0.4303,0.3497,-0.0104,-0.1325,-0.1646,40.757145,-73.99357,Driver Inattention/Distraction; Failure To Yield Right-Of-Way
130 STREET @ ATLANTIC AVENUE,QUEENS,30,0.4667,0.4586,0.3455,-0.0121,-0.1539,-0.1657,40.695854,-73.818924,Traffic Control Disregarded; Driver Inattention/Distraction
EAST FORDHAM ROAD @ WASHINGTON AVENUE,BRONX,28,0.4286,0.4097,0.3391,-0.0013,-0.0155,-0.1658,40.86038,-73.88889,Driver Inattention/Distraction; Following Too Closely
132 STREET @ 20 AVENUE,QUEENS,27,0.4444,0.4278,0.349,-0.0035,-0.042,-0.1659,40.781647,-73.8367,Driver Inattention/Distraction; Following Too Closely
2 AVENUE @ EAST 34 STREET,MANHATTAN,63,0.381,0.4262,0.3339,-0.0654,-1.2758,-0.1659,40.744778,-73.97589,Driver Inattention/Distraction; Failure To Yield Right-Of-Way
BOWERY @ DELANCEY STREET,MANHATTAN,52,0.3654,0.3949,0.3473,-0.0497,-0.8376,-0.166,40.72032,-73.99405,Driver Inattention/Distraction; Failure To Yield Right-Of-Way
10 AVENUE @ DYCKMAN STREET,MANHATTAN,27,0.4074,0.3894,0.3523,-0.0021,-0.0257,-0.1661,40.85891,-73.922966,Unsafe Speed; Driver Inexperience
1 AVENUE @ EAST 23 STREET,MANHATTAN,39,0.4872,0.5035,0.3574,-0.0365,-0.5493,-0.1667,40.736885,-73.978546,Driver Inattention/Distraction; Failure To Yield Right-Of-Way
BOWERY @ CANAL STREET,MANHATTAN,74,0.3919,0.443,0.3502,-0.0713,-1.4632,-0.1667,40.716644,-73.99582,Driver Inattention/Distraction; Driver Inexperience
61 STREET @ QUEENS BOULEVARD,QUEENS,27,0.5185,0.5012,0.3346,-0.0028,-0.0336,-0.167,40.74128,-73.90257,Driver Inattention/Distraction; Traffic Control Disregarded
3 AVENUE @ EAST 96 STREET,MANHATTAN,37,0.3514,0.365,0.3471,-0.0338,-0.4946,-0.1676,40.78519,-73.94934,Driver Inattention/Distraction; Unsafe Speed
KINGS HIGHWAY @ ROCKAWAY PARKWAY,BROOKLYN,31,0.5484,0.5397,0.378,-0.0115,-0.1438,-0.1678,40.66077,-73.91975,Driver Inattention/Distraction; Other Vehicular
FARRAGUT ROAD @ REMSEN AVENUE,BROOKLYN,26,0.6154,0.5965,0.3737,-0.0012,-0.0146,-0.1679,40.643204,-73.90929,Failure To Yield Right-Of-Way; Driver Inattention/Distraction
8 AVENUE @ WEST 30 STREET,MANHATTAN,30,0.5667,0.5791,0.3466,-0.0326,-0.4718,-0.1682,40.749672,-73.9953,Failure To Yield Right-Of-Way; Driver Inattention/Distraction
METROPOLITAN AVENUE @ MORGAN AVENUE,BROOKLYN,25,0.52,0.4999,0.3452,-0.0001,-0.001,-0.1686,40.714455,-73.935295,Driver Inattention/Distraction; Failure To Yield Right-Of-Way
BAINBRIDGE AVENUE @ MOSHOLU PARKWAY,BRONX,28,0.5714,0.564,0.3385,-0.0127,-0.1598,-0.1687,40.872494,-73.88147,Failure To Yield Right-Of-Way; Traffic Control Disregarded
ATLANTIC AVENUE @ TROY AVENUE,BROOKLYN,36,0.3889,0.394,0.3563,-0.0253,-0.3456,-0.1687,40.677715,-73.93587,Driver Inattention/Distraction; Traffic Control Disregarded
ATLANTIC AVENUE @ RALPH AVENUE,BROOKLYN,25,0.6,0.5799,0.3679,-0.0,-0.0006,-0.1688,40.676937,-73.92182,Driver Inattention/Distraction; Unsafe Speed
BUSHWICK AVENUE @ FLUSHING AVENUE,BROOKLYN,49,0.4286,0.4593,0.3645,-0.0509,-0.8439,-0.169,40.701912,-73.93699,Driver Inattention/Distraction; Failure To Yield Right-Of-Way
ATLANTIC AVENUE @ FORT GREENE PLACE,BROOKLYN,33,0.3636,0.3687,0.3317,-0.0252,-0.3434,-0.1692,40.683514,-73.97596,Driver Inattention/Distraction; Passing Or Lane Usage Improper
EAST 188 STREET @ WEBSTER AVENUE,BRONX,28,0.5,0.5066,0.3451,-0.0268,-0.3652,-0.1704,40.859875,-73.89323,Driver Inattention/Distraction; Failure To Yield Right-Of-Way
49 STREET @ ASTORIA BOULEVARD,QUEENS,36,0.4722,0.4775,0.3549,-0.0254,-0.3431,-0.1706,40.767418,-73.90202,Driver Inattention/Distraction; Following Too Closely
EAST 108 STREET @ FLATLANDS AVENUE,BROOKLYN,25,0.56,0.5481,0.3854,-0.0083,-0.0996,-0.1709,40.64891,-73.89256,Driver Inattention/Distraction; Failure To Yield Right-Of-Way
FLATBUSH AVENUE @ PROSPECT PLACE,BROOKLYN,25,0.52,0.5035,0.37,-0.0036,-0.0422,-0.1712,40.67864,-73.97352,Driver Inattention/Distraction; Failure To Yield Right-Of-Way
BROADWAY @ UNION AVENUE,BROOKLYN,32,0.625,0.6388,0.3588,-0.034,-0.4842,-0.1715,40.70547,-73.95024,Driver Inattention/Distraction; Passing Or Lane Usage Improper
BAYCHESTER AVENUE @ BOSTON ROAD,BRONX,37,0.4324,0.4401,0.3473,-0.0278,-0.3787,-0.1716,40.881264,-73.83875,Failure To Yield Right-Of-Way; Driver Inattention/Distraction
37 AVENUE @ 69 STREET,QUEENS,28,0.4286,0.415,0.36,-0.0066,-0.078,-0.1716,40.74846,-73.896736,Driver Inattention/Distraction; Failure To Yield Right-Of-Way
2 AVENUE @ EAST 46 STREET,MANHATTAN,26,0.5,0.4904,0.3464,-0.0106,-0.1278,-0.1728,40.752379,-73.970348,Driver Inattention/Distraction; Failure To Yield Right-Of-Way
CROPSEY AVENUE @ SHORE PARKWAY,BROOKLYN,29,0.4483,0.4324,0.3719,-0.0042,-0.0492,-0.1729,40.585335,-73.98749,Driver Inattention/Distraction; Traffic Control Device Improper/Non-Working
EAST 42 STREET @ LEXINGTON AVENUE,MANHATTAN,35,0.3714,0.3922,0.345,-0.0409,-0.6073,-0.173,40.751442,-73.97606,Driver Inattention/Distraction; Failure To Yield Right-Of-Way
BELMONT AVENUE @ PENNSYLVANIA AVENUE,BROOKLYN,29,0.4483,0.4367,0.3615,-0.0086,-0.1021,-0.1735,40.670624,-73.895546,Driver Inattention/Distraction; Following Too Closely
COZINE AVENUE @ PENNSYLVANIA AVENUE,BROOKLYN,28,0.3929,0.3891,0.3468,-0.0164,-0.2039,-0.1736,40.65414,-73.88732,Driver Inattention/Distraction; Unsafe Speed
2 AVENUE @ EAST 51 STREET,MANHATTAN,31,0.4516,0.4627,0.3367,-0.0312,-0.4287,-0.1739,40.755505,-73.96807,Driver Inattention/Distraction; Failure To Yield Right-Of-Way
EAST 167 STREET @ WEBSTER AVENUE,BRONX,33,0.5758,0.5921,0.3545,-0.0365,-0.5206,-0.174,40.830738,-73.9105,Driver Inattention/Distraction; Failure To Yield Right-Of-Way
FLATBUSH AVENUE @ NOSTRAND AVENUE,BROOKLYN,28,0.5714,0.5636,0.3613,-0.0124,-0.1498,-0.174,40.632885,-73.94771,Driver Inattention/Distraction; Alcohol Involvement
HILLSIDE AVENUE @ QUEENS BOULEVARD,QUEENS,31,0.4516,0.454,0.3473,-0.0226,-0.2922,-0.174,40.7042,-73.815254,Driver Inattention/Distraction; Failure To Yield Right-Of-Way
1 AVENUE @ EAST 62 STREET,MANHATTAN,56,0.375,0.4212,0.329,-0.0664,-1.2075,-0.1742,40.761486,-73.96061,Driver Inattention/Distraction; Following Too Closely
MARCY AVENUE @ MYRTLE AVENUE,BROOKLYN,29,0.5517,0.5616,0.3745,-0.03,-0.4076,-0.1743,40.695377,-73.9492,Driver Inattention/Distraction; Failure To Yield Right-Of-Way
4 AVENUE @ 46 STREET,BROOKLYN,28,0.6071,0.6293,0.3506,-0.0423,-0.6279,-0.1745,40.648705,-74.010254,Driver Inattention/Distraction; Other Vehicular
4 AVENUE @ 5 STREET,BROOKLYN,25,0.72,0.7454,0.3231,-0.0456,-0.6929,-0.1746,40.672768,-73.98672,Failure To Yield Right-Of-Way; Driver Inattention/Distraction
58 STREET @ BROADWAY,QUEENS,25,0.68,0.6835,0.3375,-0.0237,-0.3065,-0.1749,40.75184,-73.90358,Driver Inattention/Distraction; Failure To Yield Right-Of-Way
RIVERSIDE DRIVE @ WEST 158 STREET,MANHATTAN,29,0.4138,0.4167,0.3464,-0.0231,-0.2968,-0.1753,40.83512,-73.94552,Driver Inattention/Distraction; Following Too Closely
65 STREET @ BAY PARKWAY,BROOKLYN,28,0.5,0.4936,0.3685,-0.0138,-0.1664,-0.1758,40.61384,-73.981442,Driver Inattention/Distraction; Failure To Yield Right-Of-Way
FLATBUSH AVENUE @ STERLING PLACE,BROOKLYN,25,0.44,0.446,0.3581,-0.0262,-0.3429,-0.176,40.67639,-73.97189,Driver Inattention/Distraction; Following Too Closely
BOOTH MEMORIAL AVENUE @ COLLEGE POINT BOULEVARD,QUEENS,26,0.4231,0.4032,0.3486,-0.0003,-0.0029,-0.1764,40.74803,-73.83315,Passing Or Lane Usage Improper; Failure To Yield Right-Of-Way
108 STREET @ ASTORIA BOULEVARD,QUEENS,26,0.5,0.4848,0.3574,-0.005,-0.0569,-0.1766,40.760494,-73.8614,Driver Inattention/Distraction; Driver Inexperience
EAST TREMONT AVENUE @ GRAND CONCOURSE,BRONX,47,0.4894,0.5271,0.356,-0.0579,-0.9556,-0.1767,40.849453,-73.906,Driver Inattention/Distraction; Turning Improperly
BUSHWICK AVENUE @ HIGHLAND BOULEVARD,BROOKLYN,43,0.3953,0.4206,0.3711,-0.0454,-0.678,-0.1767,40.679535,-73.900475,Driver Inattention/Distraction; Unsafe Speed
HILLSIDE AVENUE @ HOLLIS COURT BOULEVARD,QUEENS,32,0.4375,0.4305,0.3498,-0.0131,-0.157,-0.1769,40.72416,-73.754974,Driver Inattention/Distraction; Following Too Closely
FOOD CENTER DRIVE @ HALLECK STREET,BRONX,28,0.3214,0.3194,0.3306,-0.0182,-0.2242,-0.177,40.809406,-73.8803,Driver Inattention/Distraction; Following Too Closely
FULTON STREET @ ROCKAWAY AVENUE,BROOKLYN,28,0.5357,0.5306,0.3598,-0.0151,-0.1813,-0.1781,40.678276,-73.91076,Driver Inattention/Distraction; Failure To Yield Right-Of-Way
109 AVENUE @ LEFFERTS BOULEVARD,QUEENS,30,0.5,0.5018,0.3439,-0.0219,-0.2751,-0.1782,40.682243,-73.82222,Traffic Control Disregarded; Failure To Yield Right-Of-Way
FRANCIS LEWIS BOULEVARD @ LONG ISLAND EXPRESSWAY,QUEENS,28,0.4286,0.4167,0.3702,-0.0083,-0.0954,-0.1782,40.74333,-73.77574,Driver Inattention/Distraction; Following Too Closely
BELT PARKWAY @ CROSS BAY BOULEVARD,QUEENS,39,0.4359,0.4504,0.3588,-0.0346,-0.4714,-0.1785,40.666073,-73.84158,Driver Inattention/Distraction; Following Too Closely
HARLEM RIVER DRIVE @ WEST 155 STREET,MANHATTAN,39,0.3077,0.3331,0.3722,-0.0455,-0.6694,-0.1789,40.828297,-73.93519,Driver Inattention/Distraction; Unsafe Lane Changing
FARMERS BOULEVARD @ MERRICK BOULEVARD,QUEENS,58,0.4138,0.4619,0.3547,-0.0683,-1.2065,-0.1792,40.67973,-73.76162,Failure To Yield Right-Of-Way; Passing Or Lane Usage Improper
8 AVENUE @ WEST 35 STREET,MANHATTAN,34,0.5588,0.5807,0.3341,-0.042,-0.5961,-0.1801,40.752853,-73.99299,Driver Inattention/Distraction; Failure To Yield Right-Of-Way
UTICA AVENUE @ WINTHROP STREET,BROOKLYN,34,0.4706,0.4901,0.3611,-0.0397,-0.5528,-0.1805,40.658295,-73.93109,Driver Inattention/Distraction; Failure To Yield Right-Of-Way
37 AVENUE @ BROADWAY,QUEENS,33,0.4242,0.4335,0.3409,-0.0294,-0.38,-0.1809,40.74855,-73.89582,Driver Inattention/Distraction; Traffic Control Disregarded
3 AVENUE @ ATLANTIC AVENUE,BROOKLYN,33,0.3636,0.3764,0.3748,-0.0329,-0.4348,-0.1812,40.685326,-73.980705,Passing Or Lane Usage Improper; Driver Inattention/Distraction
FLATBUSH AVENUE @ LIVINGSTON STREET,BROOKLYN,31,0.4839,0.4906,0.3835,-0.0269,-0.3421,-0.1812,40.687553,-73.980385,Driver Inattention/Distraction; Failure To Yield Right-Of-Way
MAIN STREET @ ROOSEVELT AVENUE,QUEENS,47,0.5319,0.58,0.3509,-0.0683,-1.1844,-0.1813,40.75957,-73.83014,Failure To Yield Right-Of-Way; Driver Inattention/Distraction
CHURCH AVENUE @ NOSTRAND AVENUE,BROOKLYN,36,0.5278,0.5508,0.37,-0.0431,-0.611,-0.1816,40.650806,-73.949575,Driver Inattention/Distraction; Failure To Yield Right-Of-Way
6 AVENUE @ FLATBUSH AVENUE,BROOKLYN,32,0.5312,0.5504,0.3785,-0.0393,-0.5376,-0.1825,40.680267,-73.974695,Driver Inattention/Distraction; Following Too Closely
BROADWAY @ CHAMBERS STREET,MANHATTAN,25,0.48,0.4845,0.3382,-0.0246,-0.3053,-0.1827,40.714165,-74.00632,Driver Inattention/Distraction; Following Too Closely
69 STREET @ GRAND AVENUE,QUEENS,32,0.4688,0.4795,0.3488,-0.0309,-0.3984,-0.1829,40.725918,-73.89535,Following Too Closely; Failure To Yield Right-Of-Way
CHURCH AVENUE @ LINDEN BOULEVARD,BROOKLYN,34,0.5294,0.5476,0.3711,-0.0383,-0.5182,-0.1834,40.654312,-73.91759,Driver Inattention/Distraction; Following Too Closely
33 STREET @ ASTORIA BOULEVARD,QUEENS,49,0.2449,0.2885,0.3628,-0.0637,-1.0411,-0.1837,40.77026,-73.915855,Passing Or Lane Usage Improper; Driver Inattention/Distraction
BEDFORD AVENUE @ HYLAN BOULEVARD,STATEN ISLAND,30,0.5,0.501,0.3522,-0.0212,-0.2557,-0.1837,40.578625,-74.10167,Driver Inattention/Distraction; Traffic Control Disregarded
EAST 101 STREET @ MADISON AVENUE,MANHATTAN,26,0.3846,0.4027,0.3531,-0.0382,-0.5135,-0.184,40.790417,-73.95184,Passing Or Lane Usage Improper; Backing Unsafely
BEDFORD AVENUE @ EASTERN PARKWAY,BROOKLYN,45,0.5556,0.5958,0.3861,-0.0604,-0.9579,-0.1841,40.670124,-73.95528,Driver Inattention/Distraction; Traffic Control Disregarded
AVENUE OF THE AMERICAS @ WEST 23 STREET,MANHATTAN,39,0.6154,0.6599,0.3658,-0.0647,-1.0574,-0.1845,40.742911,-73.992808,Failure To Yield Right-Of-Way; Driver Inattention/Distraction
BROADWAY @ WEST 231 STREET,BRONX,29,0.4483,0.458,0.3434,-0.0298,-0.3781,-0.1845,40.87892,-73.90479,Driver Inattention/Distraction; Aggressive Driving/Road Rage
ATLANTIC AVENUE @ SMITH STREET,BROOKLYN,32,0.4375,0.4511,0.3762,-0.0337,-0.4378,-0.1847,40.688618,-73.98917,Driver Inattention/Distraction; Unsafe Lane Changing
17 STREET @ 4 AVENUE,BROOKLYN,34,0.4706,0.4822,0.373,-0.0318,-0.4067,-0.1848,40.664955,-73.99335,Following Too Closely; Driver Inattention/Distraction
JAY STREET @ SANDS STREET,BROOKLYN,78,0.3718,0.4454,0.3668,-0.0937,-2.0134,-0.185,40.700222,-73.98639,Driver Inattention/Distraction; Passing Or Lane Usage Improper
ATLANTIC AVENUE @ COURT STREET,BROOKLYN,32,0.5312,0.5604,0.3704,-0.0493,-0.7124,-0.1851,40.68969,-73.99237,Failure To Yield Right-Of-Way; Driver Inattention/Distraction
METROPOLITAN AVENUE @ UNION AVENUE,BROOKLYN,31,0.5484,0.5702,0.3624,-0.042,-0.574,-0.1852,40.714066,-73.95163,Following Too Closely; Failure To Yield Right-Of-Way
BELT PARKWAY @ FLATBUSH AVENUE,BROOKLYN,32,0.4688,0.4743,0.3736,-0.0257,-0.3138,-0.1862,40.59651,-73.907875,Driver Inattention/Distraction; Other Vehicular
BROADWAY @ WEST 179 STREET,MANHATTAN,27,0.3333,0.3542,0.3715,-0.041,-0.5531,-0.1863,40.848938,-73.93707,Driver Inattention/Distraction; Failure To Yield Right-Of-Way
FLUSHING AVENUE @ HUMBOLDT STREET,BROOKLYN,32,0.4375,0.4654,0.3622,-0.0481,-0.6802,-0.1866,40.701077,-73.94043,Driver Inattention/Distraction; Traffic Control Disregarded
AVENUE OF THE AMERICAS @ WEST 14 STREET,MANHATTAN,25,0.44,0.4466,0.3404,-0.0268,-0.3281,-0.1869,40.73736,-73.99685,Driver Inattention/Distraction; Other Vehicular
FOREST HILL ROAD @ RICHMOND AVENUE,STATEN ISLAND,42,0.4762,0.5052,0.341,-0.0491,-0.699,-0.1869,40.570835,-74.16983,Driver Inattention/Distraction; Following Too Closely
23 AVENUE @ 82 STREET,QUEENS,37,0.3784,0.4045,0.346,-0.0463,-0.6449,-0.187,40.766357,-73.88756,Driver Inattention/Distraction; Turning Improperly
CROSS ISLAND PARKWAY @ SOUTHERN STATE PARKWAY,QUEENS,27,0.4444,0.4334,0.3632,-0.0092,-0.1007,-0.1873,40.69078,-73.72728,Pavement Slippery; Other Vehicular
BROOKLYN QUEENS EXPRESSWAY @ QUEENS BOULEVARD,QUEENS,27,0.4444,0.4315,0.3503,-0.0072,-0.0783,-0.1879,40.740814,-73.898895,Driver Inattention/Distraction; Unsafe Lane Changing
QUEENS BOULEVARD @ YELLOWSTONE BOULEVARD,QUEENS,59,0.4915,0.5496,0.3518,-0.0782,-1.3971,-0.1879,40.72293,-73.847336,Driver Inattention/Distraction; Failure To Yield Right-Of-Way
JACKSON AVENUE @ QUEENS BOULEVARD,QUEENS,72,0.4306,0.499,0.343,-0.0886,-1.7431,-0.1882,40.748913,-73.9374,Driver Inattention/Distraction; Failure To Yield Right-Of-Way
CEDAR AVENUE @ WEST FORDHAM ROAD,BRONX,35,0.4,0.4311,0.3437,-0.0512,-0.7319,-0.1883,40.86173,-73.91182,Driver Inattention/Distraction; Passing Too Closely
2 AVENUE @ EAST 60 STREET,MANHATTAN,71,0.4225,0.4979,0.3317,-0.0955,-1.9961,-0.1894,40.761234,-73.96389,Driver Inattention/Distraction; Other Vehicular
77 AVENUE @ QUEENS BOULEVARD,QUEENS,28,0.3571,0.3746,0.3575,-0.0377,-0.4851,-0.1898,40.71614,-73.83357,Driver Inattention/Distraction; Following Too Closely
8 AVENUE @ WEST 34 STREET,MANHATTAN,32,0.5,0.5235,0.3506,-0.0436,-0.585,-0.1899,40.75219,-73.99347,Driver Inattention/Distraction; Failure To Yield Right-Of-Way
BOWERY @ EAST HOUSTON STREET,MANHATTAN,50,0.38,0.4335,0.339,-0.0736,-1.2416,-0.1899,40.724136,-73.992615,Driver Inattention/Distraction; Following Too Closely
CROSS BRONX EXPRESSWAY @ NOBLE AVENUE,BRONX,40,0.3,0.3315,0.3404,-0.0517,-0.7323,-0.1899,40.836555,-73.87135,Following Too Closely; Driver Inattention/Distraction
8 AVENUE @ WEST 57 STREET,MANHATTAN,38,0.5526,0.5958,0.3554,-0.0634,-0.9802,-0.1901,40.766712,-73.98289,Driver Inattention/Distraction; Failure To Yield Right-Of-Way
HYLAN BOULEVARD @ SEAVIEW AVENUE,STATEN ISLAND,28,0.4286,0.4461,0.3486,-0.0377,-0.4842,-0.1903,40.58657,-74.092055,Driver Inattention/Distraction; Passing Or Lane Usage Improper
HAVEMEYER STREET @ SOUTH 5 STREET,BROOKLYN,26,0.3846,0.3917,0.3275,-0.0272,-0.3273,-0.1903,40.70955,-73.95886,Driver Inattention/Distraction; Passing Or Lane Usage Improper
8 AVENUE @ WEST 40 STREET,MANHATTAN,33,0.4242,0.464,0.3477,-0.0599,-0.897,-0.1908,40.75595,-73.99074,Driver Inattention/Distraction; Failure To Yield Right-Of-Way
36 STREET @ 4 AVENUE,BROOKLYN,27,0.5556,0.5656,0.3678,-0.0302,-0.3678,-0.191,40.65431,-74.004425,Driver Inattention/Distraction; Other Vehicular
BAY 52 STREET @ CROPSEY AVENUE,BROOKLYN,34,0.4118,0.4253,0.3593,-0.0337,-0.4168,-0.1921,40.583656,-73.98656,Driver Inattention/Distraction; Pavement Slippery
CLASSON AVENUE @ FLUSHING AVENUE,BROOKLYN,58,0.3966,0.4628,0.363,-0.0864,-1.6016,-0.1922,40.69819,-73.96191,Driver Inattention/Distraction; Failure To Yield Right-Of-Way
1 AVENUE @ EAST 96 STREET,MANHATTAN,58,0.3621,0.4254,0.3403,-0.0835,-1.5045,-0.1923,40.783245,-73.94473,Driver Inattention/Distraction; Turning Improperly
LINDEN BOULEVARD @ ROCKAWAY PARKWAY,BROOKLYN,73,0.3836,0.4497,0.3646,-0.0863,-1.5928,-0.1924,40.654133,-73.91234,Driver Inattention/Distraction; Failure To Yield Right-Of-Way
8 AVENUE @ WEST 54 STREET,MANHATTAN,26,0.4615,0.4754,0.3505,-0.034,-0.4191,-0.1931,40.76479,-73.98429,Driver Inattention/Distraction; Following Too Closely
CANAL STREET @ MULBERRY STREET,MANHATTAN,28,0.3571,0.3808,0.3408,-0.0438,-0.5754,-0.1931,40.7171,-73.9986,Driver Inattention/Distraction; Following Too Closely
65 STREET @ BROADWAY,QUEENS,28,0.5,0.5102,0.3588,-0.0303,-0.3647,-0.1932,40.7493,-73.897578,Driver Inattention/Distraction; Unsafe Lane Changing
BROOKLYN AVENUE @ FULTON STREET,BROOKLYN,30,0.5,0.5428,0.364,-0.063,-0.9455,-0.1936,40.680088,-73.94398,Driver Inattention/Distraction; Failure To Yield Right-Of-Way
BROADWAY @ WEST 225 STREET,BRONX,46,0.413,0.4576,0.3586,-0.0647,-0.9825,-0.1938,40.874638,-73.909744,Following Too Closely; Driver Inattention/Distraction
RICHMOND AVENUE @ VICTORY BOULEVARD,STATEN ISLAND,50,0.36,0.4085,0.3339,-0.0687,-1.0739,-0.1941,40.60719,-74.16243,Driver Inattention/Distraction; Failure To Yield Right-Of-Way
ATLANTIC AVENUE @ HICKS STREET,BROOKLYN,81,0.1852,0.2686,0.3655,-0.1035,-2.2363,-0.1943,40.691193,-73.99777,Driver Inattention/Distraction; Turning Improperly
4 AVENUE @ ATLANTIC AVENUE,BROOKLYN,61,0.3279,0.3977,0.3551,-0.0899,-1.684,-0.1946,40.68442,-73.97839,Driver Inattention/Distraction; Following Too Closely
CANAL STREET @ CENTRE STREET,MANHATTAN,37,0.3514,0.3955,0.3448,-0.0643,-0.9663,-0.1946,40.718018,-73.99996,Driver Inattention/Distraction; Failure To Yield Right-Of-Way
BROOK AVENUE @ BRUCKNER BOULEVARD,BRONX,25,0.44,0.4437,0.3397,-0.0238,-0.2727,-0.1951,40.804344,-73.92158,Driver Inattention/Distraction; Passing Or Lane Usage Improper
65 STREET @ FORT HAMILTON PARKWAY,BROOKLYN,39,0.4615,0.5099,0.3587,-0.0685,-1.0585,-0.1953,40.63063,-74.00923,Driver Inattention/Distraction; Failure To Yield Right-Of-Way
RUTLAND ROAD @ UTICA AVENUE,BROOKLYN,31,0.5161,0.5317,0.355,-0.0357,-0.4386,-0.1953,40.66059,-73.931335,Driver Inattention/Distraction; Passing Or Lane Usage Improper
GOLD STREET @ TILLARY STREET,BROOKLYN,50,0.34,0.3959,0.3715,-0.076,-1.24,-0.1962,40.69599,-73.983215,Driver Inattention/Distraction; Following Too Closely
37 AVENUE @ 73 STREET,QUEENS,27,0.4815,0.5059,0.3531,-0.0446,-0.577,-0.1962,40.748863,-73.892715,Driver Inattention/Distraction; Failure To Yield Right-Of-Way
CROSS BAY BOULEVARD @ NORTH CHANNEL BRIDGE,QUEENS,25,0.44,0.4354,0.3637,-0.0156,-0.1689,-0.1964,40.614872,-73.82165,Driver Inattention/Distraction; Unsafe Speed
NAVY STREET @ PARK AVENUE,BROOKLYN,33,0.4848,0.5242,0.3727,-0.0595,-0.8494,-0.1967,40.69618,-73.980354,Driver Inattention/Distraction; Driver Inexperience
OCEAN PARKWAY @ SHORE PARKWAY,UNKNOWN,33,0.3636,0.3902,0.3586,-0.0467,-0.6081,-0.1972,,,Driver Inattention/Distraction; Backing Unsafely
EAST 96 STREET @ LEXINGTON AVENUE,MANHATTAN,31,0.4516,0.4864,0.3437,-0.0549,-0.7569,-0.1972,40.785866,-73.950935,Driver Inattention/Distraction; Failure To Yield Right-Of-Way
DAVIDSON AVENUE @ WEST FORDHAM ROAD,BRONX,34,0.3824,0.4167,0.3457,-0.0545,-0.7472,-0.1975,40.862717,-73.9023,Driver Inattention/Distraction; Following Too Closely
CLARKSON AVENUE @ UTICA AVENUE,BROOKLYN,30,0.5,0.5243,0.3747,-0.0444,-0.5684,-0.1977,40.65661,-73.93091,Driver Inattention/Distraction; Failure To Yield Right-Of-Way
NEPTUNE AVENUE @ OCEAN PARKWAY,BROOKLYN,48,0.5208,0.5787,0.3872,-0.0781,-1.2701,-0.1985,40.58038,-73.9676,Driver Inattention/Distraction; Failure To Yield Right-Of-Way
12 AVENUE @ WEST 40 STREET,MANHATTAN,38,0.2632,0.3185,0.3486,-0.0755,-1.2017,-0.1986,40.760777,-74.00219,Passing Too Closely; Failure To Yield Right-Of-Way
7 AVENUE @ WEST 34 STREET,MANHATTAN,38,0.5263,0.5861,0.3496,-0.0799,-1.3146,-0.199,40.750988,-73.99063,Driver Inattention/Distraction; Pedestrian/Bicyclist/Other Pedestrian Error/Confusion
108 STREET @ ROOSEVELT AVENUE,QUEENS,34,0.4706,0.5073,0.3391,-0.0569,-0.7834,-0.1991,40.750717,-73.85877,Driver Inattention/Distraction; Alcohol Involvement
CROSS ISLAND PARKWAY @ GRAND CENTRAL PARKWAY,QUEENS,47,0.3617,0.4076,0.3647,-0.0661,-0.9693,-0.1997,40.744305,-73.733284,Driver Inattention/Distraction; Following Too Closely
CLEARVIEW EXPRESSWAY @ LONG ISLAND EXPRESSWAY,QUEENS,27,0.3704,0.3764,0.3669,-0.0262,-0.2939,-0.2006,40.74257,-73.77078,Driver Inattention/Distraction; Unsafe Lane Changing
SHERMAN AVENUE @ WEST 207 STREET,MANHATTAN,30,0.3667,0.4051,0.3586,-0.0586,-0.8088,-0.2007,40.8658,-73.92,Driver Inattention/Distraction; Failure To Yield Right-Of-Way
BRUCKNER BOULEVARD @ MORRISON AVENUE,BRONX,53,0.3019,0.3635,0.3308,-0.0818,-1.3385,-0.2015,40.824417,-73.87357,Driver Inattention/Distraction; Other Vehicular
EAST NEW YORK AVENUE @ ROCKAWAY AVENUE,BROOKLYN,25,0.4,0.4092,0.3574,-0.0293,-0.3323,-0.2024,40.672073,-73.91135,Driver Inattention/Distraction; Other Vehicular
BROADWAY @ WEST 60 STREET,MANHATTAN,27,0.3704,0.3932,0.3513,-0.043,-0.5285,-0.2026,40.76889,-73.9821,Driver Inattention/Distraction; Following Too Closely
FULTON STREET @ WASHINGTON AVENUE,BROOKLYN,31,0.5161,0.5596,0.3631,-0.0636,-0.8951,-0.2028,40.683037,-73.96478,Driver Inattention/Distraction; Failure To Yield Right-Of-Way
CROES AVENUE @ CROSS BRONX EXPRESSWAY,BRONX,27,0.4074,0.4153,0.3355,-0.028,-0.314,-0.203,40.835857,-73.87213,Driver Inattention/Distraction; Unsafe Lane Changing
7 AVENUE @ WEST 31 STREET,MANHATTAN,29,0.3793,0.4113,0.3419,-0.0522,-0.6776,-0.203,40.7491,-73.99201,Driver Inattention/Distraction; Following Too Closely
QUEENS BOULEVARD @ WOODHAVEN BOULEVARD,QUEENS,83,0.3976,0.4834,0.3428,-0.106,-2.141,-0.203,40.733498,-73.87038,Driver Inattention/Distraction; Traffic Control Disregarded
114 STREET @ NORTHERN BOULEVARD,QUEENS,56,0.3036,0.3672,0.3546,-0.0838,-1.377,-0.2031,40.758305,-73.85561,Driver Inattention/Distraction; Following Too Closely
EDGECOMBE AVENUE @ WEST 155 STREET,MANHATTAN,32,0.4375,0.4795,0.3379,-0.0622,-0.8642,-0.2032,40.830154,-73.93964,Driver Inattention/Distraction; Unsafe Speed
BUSHWICK AVENUE @ JOHNSON AVENUE,BROOKLYN,32,0.5625,0.6169,0.3554,-0.0746,-1.1295,-0.2039,40.706917,-73.93972,Driver Inattention/Distraction; Failure To Yield Right-Of-Way
8 AVENUE @ UNION STREET,BROOKLYN,40,0.35,0.4088,0.3642,-0.0789,-1.2271,-0.205,40.673485,-73.97296,Driver Inattention/Distraction; Following Too Closely
62 DRIVE @ QUEENS BOULEVARD,QUEENS,27,0.5556,0.5832,0.3483,-0.0478,-0.5927,-0.2058,40.73093,-73.864586,Driver Inattention/Distraction; Failure To Yield Right-Of-Way
9 AVENUE @ WEST 45 STREET,MANHATTAN,28,0.5,0.5352,0.3685,-0.0554,-0.7179,-0.2066,40.760353,-73.991237,Failure To Yield Right-Of-Way; Driver Inattention/Distraction
63 DRIVE @ QUEENS BOULEVARD,QUEENS,29,0.5172,0.5514,0.3613,-0.0543,-0.6989,-0.2067,40.730118,-73.86232,Driver Inattention/Distraction; Following Too Closely
FLATBUSH AVENUE @ PACIFIC STREET,BROOKLYN,27,0.4074,0.4305,0.3651,-0.0433,-0.5189,-0.2068,40.68297,-73.97667,Following Too Closely; Driver Inattention/Distraction
MAIN STREET @ NORTHERN BOULEVARD,QUEENS,31,0.4516,0.4928,0.3654,-0.0614,-0.8262,-0.2069,40.762955,-73.831955,Driver Inattention/Distraction; Failure To Yield Right-Of-Way
8 AVENUE @ WEST 31 STREET,MANHATTAN,52,0.3269,0.4048,0.3548,-0.0981,-1.7636,-0.2071,40.750294,-73.99485,Driver Inattention/Distraction; Passing Too Closely
BROADWAY @ WEST 204 STREET,MANHATTAN,34,0.3235,0.3642,0.3477,-0.0609,-0.8151,-0.2072,40.867016,-73.92311,Driver Inattention/Distraction; Driver Inexperience
FLUSHING AVENUE @ FRANKLIN AVENUE,BROOKLYN,26,0.5769,0.6114,0.3623,-0.0547,-0.7004,-0.2076,40.698677,-73.95886,Driver Inattention/Distraction; Following Too Closely
18 AVENUE @ 65 STREET,BROOKLYN,30,0.4667,0.5028,0.3504,-0.0563,-0.727,-0.2082,40.61913,-73.99019,Driver Inattention/Distraction; Driver Inexperience
GRAND STREET @ MORGAN AVENUE,BROOKLYN,48,0.5208,0.5959,0.3627,-0.0952,-1.6505,-0.2082,40.71337,-73.934814,Driver Inattention/Distraction; Failure To Yield Right-Of-Way
BUSHWICK AVENUE @ GRAND STREET,BROOKLYN,46,0.5217,0.5967,0.3566,-0.0951,-1.6483,-0.2083,40.71196,-73.9407,Failure To Yield Right-Of-Way; Driver Inattention/Distraction
FOSTER AVENUE @ NEW YORK AVENUE,BROOKLYN,31,0.5484,0.6014,0.3708,-0.0731,-1.0597,-0.2084,40.638786,-73.94538,Passing Too Closely; Driver Inattention/Distraction
FLATBUSH AVENUE EXT @ TILLARY STREET,BROOKLYN,66,0.2727,0.3579,0.3883,-0.1054,-2.0021,-0.2085,40.696033,-73.98453,Driver Inattention/Distraction; Passing Too Closely
EAST FORDHAM ROAD @ MORRIS AVENUE,BRONX,26,0.5,0.5296,0.3338,-0.0497,-0.614,-0.2085,40.86235,-73.89997,Driver Inattention/Distraction; Turning Improperly
EAST 161 STREET @ MACOMBS DAM BRIDGE,BRONX,50,0.32,0.3918,0.367,-0.0919,-1.5433,-0.2086,40.829185,-73.92876,Driver Inattention/Distraction; Following Too Closely
FLATBUSH AVENUE @ KINGS HIGHWAY,BROOKLYN,48,0.3542,0.4196,0.3625,-0.0856,-1.3625,-0.2087,40.6224,-73.936646,Driver Inattention/Distraction; Passing Or Lane Usage Improper
104 STREET @ ROOSEVELT AVENUE,QUEENS,27,0.4444,0.4754,0.3487,-0.0511,-0.6336,-0.2091,40.749966,-73.861755,Driver Inattention/Distraction; Alcohol Involvement
9 AVENUE @ WEST 37 STREET,MANHATTAN,27,0.4074,0.4427,0.3603,-0.0554,-0.7041,-0.2097,40.75529,-73.99492,Driver Inattention/Distraction; Failure To Yield Right-Of-Way
166 STREET @ BAISLEY BOULEVARD,QUEENS,27,0.4444,0.4691,0.3459,-0.0448,-0.532,-0.21,40.679653,-73.77724,Driver Inattention/Distraction; Following Too Closely
3 AVENUE @ EAST 34 STREET,MANHATTAN,36,0.4444,0.492,0.336,-0.0677,-0.9326,-0.21,40.745728,-73.97813,Driver Inattention/Distraction; Traffic Control Disregarded
SNYDER AVENUE @ UTICA AVENUE,BROOKLYN,27,0.5185,0.5416,0.3637,-0.0433,-0.5077,-0.2103,40.65011,-73.930214,Failure To Yield Right-Of-Way; Traffic Control Disregarded
BOSTON ROAD @ PELHAM PARKWAY NORTH,UNKNOWN,30,0.4,0.4306,0.3548,-0.0507,-0.6214,-0.2108,,,Driver Inattention/Distraction; Other Vehicular
AVENUE J @ FLATBUSH AVENUE,BROOKLYN,33,0.4848,0.5267,0.3739,-0.062,-0.8129,-0.2114,40.62731,-73.94182,Driver Inattention/Distraction; Failure To Yield Right-Of-Way
3 AVENUE @ 37 STREET,BROOKLYN,26,0.4231,0.4543,0.3471,-0.0514,-0.6293,-0.2115,40.654953,-74.00703,Driver Inattention/Distraction; Failure To Yield Right-Of-Way
BELT PARKWAY @ OCEAN PARKWAY,BROOKLYN,37,0.4054,0.4471,0.3758,-0.0618,-0.8079,-0.2118,40.58335,-73.96692,Driver Inattention/Distraction; Passing Or Lane Usage Improper
ROCKAWAY PARKWAY @ RUTLAND ROAD,BROOKLYN,27,0.5556,0.5805,0.3721,-0.0451,-0.5244,-0.2135,40.664375,-73.92376,Failure To Yield Right-Of-Way; Turning Improperly
3 AVENUE @ EAST 60 STREET,MANHATTAN,25,0.4,0.4291,0.3205,-0.0493,-0.5873,-0.2137,40.762177,-73.96613,Driver Inattention/Distraction; Failure To Yield Right-Of-Way
3 AVENUE @ 65 STREET,BROOKLYN,31,0.3226,0.3696,0.3752,-0.0671,-0.8978,-0.2137,40.63932,-74.02355,Driver Inattention/Distraction; Passing Or Lane Usage Improper
EAST 138 STREET @ WILLIS AVENUE,BRONX,39,0.5128,0.5795,0.3474,-0.0868,-1.3348,-0.2142,40.809105,-73.9229,Failure To Yield Right-Of-Way; Driver Inattention/Distraction
8 AVENUE @ WEST 43 STREET,MANHATTAN,27,0.2222,0.2668,0.3555,-0.0647,-0.8469,-0.2146,40.757908,-73.9893,Driver Inattention/Distraction; Unsafe Lane Changing
PRINCE STREET @ TILLARY STREET,BROOKLYN,28,0.2143,0.2596,0.3703,-0.0655,-0.8582,-0.2151,40.69595,-73.9824,Driver Inattention/Distraction; Passing Too Closely
ATLANTIC AVENUE @ NOSTRAND AVENUE,BROOKLYN,45,0.4667,0.5427,0.3784,-0.0962,-1.5821,-0.2153,40.678455,-73.94968,Driver Inattention/Distraction; Failure To Yield Right-Of-Way
AVENUE D @ EAST 92 STREET,BROOKLYN,25,0.44,0.4785,0.3566,-0.0587,-0.7338,-0.2155,40.647224,-73.911766,Driver Inattention/Distraction; Failure To Yield Right-Of-Way
CLAREMONT PARKWAY @ FULTON AVENUE,BRONX,26,0.5,0.518,0.3448,-0.0381,-0.4213,-0.2155,40.837654,-73.89997,Driver Inattention/Distraction; Traffic Control Disregarded
CLEARVIEW EXPRESSWAY @ GRAND CENTRAL PARKWAY,QUEENS,25,0.48,0.4909,0.3561,-0.0311,-0.3301,-0.2157,40.726227,-73.756714,Driver Inattention/Distraction; Unsafe Speed
PITKIN AVENUE @ ROCKAWAY AVENUE,BROOKLYN,42,0.4524,0.5222,0.3635,-0.0899,-1.3994,-0.2159,40.66968,-73.91075,Driver Inattention/Distraction; Failure To Yield Right-Of-Way
HOWARD AVENUE @ PITKIN AVENUE,BROOKLYN,26,0.4231,0.4509,0.357,-0.0479,-0.5581,-0.2163,40.668377,-73.92012,Driver Inattention/Distraction; Following Too Closely
8 AVENUE @ WEST 44 STREET,MANHATTAN,27,0.2963,0.3399,0.3599,-0.0638,-0.8185,-0.2164,40.758533,-73.98885,Driver Inattention/Distraction; Following Too Closely
HAMILTON AVENUE @ HICKS STREET,BROOKLYN,35,0.3429,0.3915,0.3741,-0.0688,-0.9112,-0.2167,40.679928,-74.00415,Unsafe Lane Changing; Failure To Yield Right-Of-Way
9 AVENUE @ WEST 42 STREET,MANHATTAN,32,0.375,0.4387,0.3616,-0.0838,-1.2333,-0.217,40.75843,-73.99263,Passing Too Closely; Other Vehicular
EAST GUN HILL ROAD @ WEBSTER AVENUE,BRONX,70,0.3714,0.4656,0.3478,-0.1143,-2.1818,-0.2171,40.878645,-73.871602,Passing Or Lane Usage Improper; Failure To Yield Right-Of-Way
223 STREET @ NORTHERN BOULEVARD,QUEENS,35,0.4571,0.5091,0.3533,-0.0721,-0.9734,-0.2172,40.761993,-73.75849,Driver Inattention/Distraction; Failure To Yield Right-Of-Way
3 AVENUE @ HAMILTON AVENUE,BROOKLYN,90,0.2444,0.3499,0.3528,-0.1256,-2.6854,-0.2173,40.667076,-73.99508,Driver Inattention/Distraction; Passing Or Lane Usage Improper
BUSHWICK AVENUE @ JAMAICA AVENUE,BROOKLYN,27,0.4074,0.4332,0.3668,-0.046,-0.5252,-0.2174,40.67811,-73.89762,Other Vehicular; Traffic Control Disregarded
LINDEN BOULEVARD @ SCHENCK AVENUE,BROOKLYN,44,0.4318,0.4947,0.3561,-0.083,-1.2091,-0.2176,40.661385,-73.8841,Driver Inattention/Distraction; Alcohol Involvement
CLAREMONT PARKWAY @ PARK AVENUE,BRONX,27,0.4815,0.5174,0.3519,-0.056,-0.6793,-0.2177,40.839268,-73.903824,Driver Inattention/Distraction; Traffic Control Disregarded
EAST 60 STREET @ LEXINGTON AVENUE,MANHATTAN,31,0.4839,0.537,0.3297,-0.0733,-0.9938,-0.2179,40.76285,-73.96773,Driver Inattention/Distraction; Following Too Closely
2 AVENUE @ EAST 66 STREET,MANHATTAN,26,0.5,0.5389,0.3475,-0.0591,-0.7293,-0.2179,40.764988,-73.96116,Driver Inattention/Distraction; Following Too Closely
FLATBUSH AVENUE EXTENSION @ TILLARY STREET,BROOKLYN,81,0.2346,0.3405,0.3427,-0.1261,-2.686,-0.2182,40.696033,-73.984535,Driver Inattention/Distraction; Following Too Closely
CLINTON AVENUE @ FLUSHING AVENUE,BROOKLYN,34,0.5882,0.6509,0.3521,-0.0828,-1.1982,-0.2183,40.697803,-73.96973,Driver Inattention/Distraction; Failure To Yield Right-Of-Way
LINDEN BOULEVARD @ VERMONT STREET,BROOKLYN,25,0.4,0.4235,0.35,-0.0436,-0.4895,-0.2184,40.659275,-73.889,Driver Inattention/Distraction; Following Too Closely
QUEENS BOULEVARD @ VANDAM STREET,QUEENS,35,0.2857,0.3417,0.3504,-0.0762,-1.0443,-0.2191,40.74473,-73.93359,Driver Inattention/Distraction; Following Too Closely
11 AVENUE @ WEST 42 STREET,MANHATTAN,46,0.2826,0.371,0.3423,-0.1085,-1.9037,-0.2203,40.760822,-73.99832,Following Too Closely; Unsafe Lane Changing
EAST 129 STREET @ LEXINGTON AVENUE,MANHATTAN,29,0.3103,0.362,0.3442,-0.0718,-0.9459,-0.2207,40.806915,-73.93557,Driver Inattention/Distraction; Following Too Closely
9 AVENUE @ WEST 34 STREET,MANHATTAN,25,0.44,0.4791,0.3452,-0.0592,-0.7164,-0.2213,40.753387,-73.99631,Driver Inattention/Distraction; Passing Or Lane Usage Improper
4 AVENUE @ SHORE ROAD,BROOKLYN,27,0.4815,0.5352,0.3599,-0.0738,-0.9804,-0.2215,40.611366,-74.03488,Driver Inattention/Distraction; Failure To Yield Right-Of-Way
EAST 96 STREET @ MADISON AVENUE,MANHATTAN,37,0.3243,0.3966,0.3456,-0.0924,-1.4013,-0.2217,40.787224,-73.95417,Following Too Closely; Driver Inattention/Distraction
AVENUE OF THE AMERICAS @ WEST 25 STREET,MANHATTAN,26,0.5385,0.5909,0.3432,-0.0726,-0.9535,-0.2218,40.744186,-73.991875,Driver Inattention/Distraction; Failure To Yield Right-Of-Way
ATLANTIC AVENUE @ GEORGIA AVENUE,BROOKLYN,43,0.3256,0.3963,0.3523,-0.0909,-1.3494,-0.223,40.675625,-73.89879,Driver Inattention/Distraction; Driver Inexperience
FLATLANDS AVENUE @ REMSEN AVENUE,BROOKLYN,27,0.4074,0.4378,0.3569,-0.0506,-0.5746,-0.2232,40.640236,-73.90598,Driver Inattention/Distraction; Failure To Yield Right-Of-Way
1 AVENUE @ EAST 60 STREET,MANHATTAN,35,0.4286,0.4964,0.3425,-0.088,-1.2721,-0.2235,40.760227,-73.961525,Driver Inattention/Distraction; Following Too Closely
12 AVENUE @ WEST 42 STREET,MANHATTAN,50,0.26,0.3511,0.3542,-0.1113,-1.9427,-0.2235,40.762024,-74.00116,Driver Inattention/Distraction; Following Too Closely
2 AVENUE @ EAST 63 STREET,MANHATTAN,41,0.3415,0.4162,0.3367,-0.0949,-1.4441,-0.2236,40.76311,-73.962524,Driver Inattention/Distraction; Following Too Closely
MOSHOLU PARKWAY @ SOUTHERN BOULEVARD,BRONX,71,0.3662,0.4645,0.3442,-0.1185,-2.1952,-0.2242,40.86804,-73.879105,Driver Inattention/Distraction; Following Too Closely
DE KALB AVENUE @ FLATBUSH AVENUE EXTENSION,BROOKLYN,30,0.4,0.4596,0.3455,-0.0797,-1.0748,-0.2251,40.68993,-73.98148,Driver Inattention/Distraction; Failure To Yield Right-Of-Way
ATLANTIC AVENUE @ VERMONT STREET,BROOKLYN,25,0.36,0.3852,0.3563,-0.0453,-0.4939,-0.2252,40.67591,-73.89492,Driver Inattention/Distraction; Aggressive Driving/Road Rage
9 AVENUE @ WEST 36 STREET,MANHATTAN,26,0.4231,0.4828,0.3553,-0.0798,-1.0712,-0.2259,40.75469,-73.99536,Failure To Yield Right-Of-Way; Driver Inattention/Distraction
BROADWAY @ EAST HOUSTON STREET,MANHATTAN,31,0.4516,0.512,0.3442,-0.0806,-1.0852,-0.2261,40.725433,-73.99677,Driver Inattention/Distraction; Unsafe Speed
HYLAN BOULEVARD @ STEUBEN STREET,STATEN ISLAND,31,0.3548,0.4033,0.3325,-0.0686,-0.8517,-0.2264,40.603645,-74.07732,Driver Inattention/Distraction; Failure To Yield Right-Of-Way
37 STREET @ NORTHERN BOULEVARD,QUEENS,25,0.68,0.7322,0.3379,-0.0724,-0.9206,-0.2265,40.752068,-73.926476,Failure To Yield Right-Of-Way; Driver Inattention/Distraction
ARCHER AVENUE @ SUTPHIN BOULEVARD,QUEENS,43,0.3721,0.4568,0.3532,-0.1048,-1.6791,-0.2272,40.70058,-73.80775,Driver Inattention/Distraction; Passing Or Lane Usage Improper
LINDEN BOULEVARD @ SPRINGFIELD BOULEVARD,QUEENS,33,0.3333,0.3825,0.3462,-0.0693,-0.8584,-0.2275,40.696217,-73.7436,Driver Inattention/Distraction; Following Too Closely
LONGWOOD AVENUE @ SOUTHERN BOULEVARD,BRONX,35,0.5143,0.5861,0.3552,-0.092,-1.3271,-0.2279,40.81632,-73.89622,Driver Inattention/Distraction; Pedestrian/Bicyclist/Other Pedestrian Error/Confusion
CONCOURSE VLG EAST @ EAST 161 STREET,BRONX,32,0.5,0.5667,0.3827,-0.0868,-1.1994,-0.2287,40.825577,-73.91846,Driver Inattention/Distraction; Turning Improperly
39 STREET @ SKILLMAN AVENUE,QUEENS,25,0.52,0.5648,0.3567,-0.0649,-0.7753,-0.2291,40.74743,-73.925476,Driver Inattention/Distraction; Following Too Closely
BEACH AVENUE @ HYLAN BOULEVARD,STATEN ISLAND,45,0.3556,0.4319,0.3391,-0.0965,-1.423,-0.2293,40.567627,-74.11262,Driver Inattention/Distraction; Failure To Yield Right-Of-Way
CLINTON STREET @ HAMILTON AVENUE,BROOKLYN,32,0.25,0.3135,0.359,-0.0837,-1.1254,-0.2294,40.67602,-74.001236,Passing Or Lane Usage Improper; Unsafe Lane Changing
71 AVENUE @ QUEENS BOULEVARD,QUEENS,33,0.4848,0.561,0.3562,-0.0963,-1.4139,-0.2298,40.721455,-73.84398,Driver Inattention/Distraction; Following Too Closely
2 AVENUE @ EAST 50 STREET,MANHATTAN,28,0.4286,0.4845,0.3572,-0.076,-0.9676,-0.2301,40.754875,-73.96852,Driver Inattention/Distraction; Failure To Yield Right-Of-Way
CENTRAL PARK WEST @ WEST 81 STREET,MANHATTAN,37,0.3243,0.4019,0.3456,-0.0977,-1.4437,-0.2304,40.78202,-73.97173,Driver Inattention/Distraction; Other Vehicular
LONG ISLAND EXPRESSWAY @ WOODHAVEN BOULEVARD,QUEENS,38,0.3421,0.4131,0.3462,-0.0912,-1.278,-0.231,40.731815,-73.8713,Driver Inattention/Distraction; Unsafe Speed
39 STREET @ QUEENS BOULEVARD,QUEENS,32,0.4688,0.54,0.3485,-0.0914,-1.2736,-0.2321,40.744026,-73.92616,Driver Inattention/Distraction; Failure To Yield Right-Of-Way
EAST 62 STREET @ YORK AVENUE,MANHATTAN,38,0.2632,0.3424,0.3416,-0.0994,-1.4647,-0.2324,40.760532,-73.95836,Driver Inattention/Distraction; Other Vehicular
82 STREET @ ROOSEVELT AVENUE,QUEENS,37,0.3514,0.4334,0.3323,-0.1022,-1.539,-0.2325,40.74763,-73.88394,Driver Inattention/Distraction; Alcohol Involvement
10 AVENUE @ WEST 34 STREET,MANHATTAN,47,0.3617,0.4626,0.3436,-0.121,-2.1131,-0.2333,40.75458,-73.99915,Failure To Yield Right-Of-Way; Following Too Closely
BATH AVENUE @ BAY PARKWAY,BROOKLYN,30,0.5,0.5568,0.3818,-0.077,-0.9641,-0.2334,40.598553,-73.99734,Driver Inattention/Distraction; Failure To Yield Right-Of-Way
PENNSYLVANIA AVENUE @ STANLEY AVENUE,BROOKLYN,43,0.4186,0.5008,0.3452,-0.1023,-1.5296,-0.2335,40.65698,-73.88943,Driver Inattention/Distraction; Other Vehicular
FLATBUSH AVENUE EXTENSION @ MYRTLE AVENUE,BROOKLYN,46,0.3261,0.4102,0.354,-0.1043,-1.5809,-0.2336,40.69365,-73.98333,Driver Inattention/Distraction; Following Too Closely
BELT PARKWAY @ SPRINGFIELD BOULEVARD,QUEENS,28,0.4286,0.4678,0.3686,-0.0594,-0.6682,-0.2337,40.665955,-73.75796,Driver Inattention/Distraction; Following Too Closely
AMSTERDAM AVENUE @ WEST 96 STREET,MANHATTAN,35,0.4286,0.5042,0.3502,-0.0958,-1.3531,-0.2345,40.794052,-73.97037,Driver Inattention/Distraction; Failure To Yield Right-Of-Way
BEDFORD AVENUE @ FLUSHING AVENUE,BROOKLYN,38,0.3947,0.4718,0.3594,-0.0972,-1.3812,-0.2352,40.69897,-73.95702,Driver Inattention/Distraction; Failure To Yield Right-Of-Way
EAST 132 STREET @ MADISON AVENUE,MANHATTAN,35,0.3429,0.4154,0.3558,-0.0927,-1.2705,-0.2357,40.810173,-73.937416,Driver Inattention/Distraction; Other Vehicular
BROOKVILLE BOULEVARD @ FRANCIS LEWIS BOULEVARD,QUEENS,40,0.425,0.5015,0.3479,-0.0966,-1.3575,-0.2362,40.66758,-73.737404,Failure To Yield Right-Of-Way; Following Too Closely
CADMAN PLAZA WEST @ PROSPECT STREET,BROOKLYN,30,0.3333,0.387,0.3617,-0.0738,-0.8891,-0.2365,40.700768,-73.990944,Following Too Closely; Driver Inattention/Distraction
EASTERN PARKWAY @ NOSTRAND AVENUE,BROOKLYN,49,0.449,0.5463,0.3732,-0.1174,-1.9313,-0.2366,40.669865,-73.9505,Driver Inattention/Distraction; Failure To Yield Right-Of-Way
EAST GUN HILL ROAD @ JEROME AVENUE,BRONX,25,0.52,0.5707,0.3576,-0.0708,-0.8365,-0.2368,40.88271,-73.88125,Driver Inattention/Distraction; Failure To Yield Right-Of-Way
FLATBUSH AVENUE @ SHORE PARKWAY,BROOKLYN,32,0.375,0.435,0.3524,-0.0802,-0.9997,-0.2374,40.59651,-73.90788,Unsafe Lane Changing; Following Too Closely
CROSS ISLAND PARKWAY @ NORTHERN BOULEVARD,QUEENS,74,0.3784,0.4899,0.3565,-0.1316,-2.4359,-0.2376,40.76226,-73.75699,Driver Inattention/Distraction; Following Too Closely
DELANCEY STREET @ NORFOLK STREET,MANHATTAN,39,0.3333,0.421,0.3505,-0.1078,-1.6274,-0.2377,40.718304,-73.9874,Driver Inattention/Distraction; Failure To Yield Right-Of-Way
AMSTERDAM AVENUE @ WEST 180 STREET,MANHATTAN,26,0.2308,0.2977,0.3517,-0.087,-1.1318,-0.2378,40.847427,-73.931404,Driver Inattention/Distraction; Passing Too Closely
BLAKE AVENUE @ PENNSYLVANIA AVENUE,BROOKLYN,28,0.4286,0.4839,0.3604,-0.0755,-0.908,-0.2384,40.667835,-73.89484,Driver Inattention/Distraction; Following Too Closely
FLUSHING AVENUE @ MARCY AVENUE,BROOKLYN,29,0.4138,0.4773,0.3741,-0.0837,-1.0587,-0.2387,40.69979,-73.95009,Driver Inattention/Distraction; Aggressive Driving/Road Rage
LIVONIA AVENUE @ ROCKAWAY AVENUE,BROOKLYN,52,0.4038,0.5043,0.3756,-0.1206,-1.9957,-0.2391,40.66255,-73.90893,Alcohol Involvement; Driver Inattention/Distraction
57 AVENUE @ QUEENS BOULEVARD,QUEENS,36,0.3611,0.4443,0.3627,-0.1033,-1.4791,-0.2403,40.734375,-73.87342,Driver Inattention/Distraction; Failure To Yield Right-Of-Way
37 AVENUE @ UNION STREET,QUEENS,27,0.2222,0.298,0.3482,-0.0959,-1.2994,-0.2405,40.76242,-73.827515,Passing Too Closely; Failure To Yield Right-Of-Way
234 STREET @ LINDEN BOULEVARD,QUEENS,30,0.4,0.458,0.3562,-0.0781,-0.9425,-0.2406,40.690918,-73.72818,Driver Inattention/Distraction; Failure To Yield Right-Of-Way
ROCKAWAY BOULEVARD @ VANWYCK EXPRESSWAY,UNKNOWN,58,0.3276,0.4312,0.3578,-0.1237,-2.069,-0.2409,,,Following Too Closely; Driver Inattention/Distraction
HYLAN BOULEVARD @ TYSENS LANE,STATEN ISLAND,41,0.3659,0.4497,0.3467,-0.104,-1.4713,-0.2426,40.563915,-74.11636,Driver Inattention/Distraction; Failure To Yield Right-Of-Way
ITTNER PLACE @ WEBSTER AVENUE,BRONX,30,0.4,0.4675,0.3421,-0.0877,-1.1086,-0.2427,40.84497,-73.90247,Driver Inattention/Distraction; Other Vehicular
DEKALB AVENUE @ FLATBUSH AVENUE EXT,BROOKLYN,26,0.3846,0.4538,0.374,-0.0893,-1.1369,-0.2433,40.689934,-73.981476,Driver Inattention/Distraction; Unsafe Lane Changing
QUEENS BOULEVARD @ UNION TURNPIKE,QUEENS,53,0.3396,0.4392,0.3717,-0.1197,-1.8972,-0.2434,40.714443,-73.83126,Driver Inattention/Distraction; Passing Or Lane Usage Improper
LONG ISLAND EXPRESSWAY @ SPRINGFIELD BOULEVARD,QUEENS,27,0.4815,0.533,0.3721,-0.0717,-0.817,-0.2436,40.74932,-73.75684,Driver Inattention/Distraction; Alcohol Involvement
DYER AVENUE @ WEST 42 STREET,MANHATTAN,51,0.1765,0.3002,0.3234,-0.1439,-2.7935,-0.2449,40.758976,-73.99394,Driver Inattention/Distraction; Turning Improperly
EAST 175 STREET @ GRAND CONCOURSE,BRONX,28,0.4286,0.505,0.3354,-0.0966,-1.2745,-0.2452,40.846867,-73.90876,Driver Inattention/Distraction; Passing Or Lane Usage Improper
LINDEN BOULEVARD @ MERRICK BOULEVARD,QUEENS,26,0.5,0.5728,0.3545,-0.093,-1.1966,-0.2453,40.69165,-73.779205,Driver Inattention/Distraction; Failure To Yield Right-Of-Way
BROADWAY @ WEST 181 STREET,MANHATTAN,28,0.3571,0.4341,0.3653,-0.0971,-1.2814,-0.2456,40.850166,-73.93575,Driver Inattention/Distraction; Driver Inexperience
LENOX AVENUE @ WEST 132 STREET,MANHATTAN,25,0.44,0.5133,0.3601,-0.0934,-1.1956,-0.2466,40.812202,-73.94225,Driver Inattention/Distraction; Other Vehicular
EAST 63 STREET @ YORK AVENUE,MANHATTAN,41,0.2683,0.3673,0.3509,-0.1191,-1.8294,-0.2468,40.76118,-73.95791,Driver Inattention/Distraction; Failure To Yield Right-Of-Way
ATLANTIC AVENUE @ SARATOGA AVENUE,BROOKLYN,39,0.359,0.4422,0.3535,-0.1034,-1.4088,-0.2472,40.676647,-73.91647,Driver Inattention/Distraction; Traffic Control Disregarded
EAST 161 STREET @ SHERIDAN AVENUE,BRONX,25,0.36,0.4345,0.3341,-0.0947,-1.211,-0.2479,40.826397,-73.92116,Driver Inattention/Distraction; Passing Too Closely
111 STREET @ ROOSEVELT AVENUE,QUEENS,27,0.4444,0.5179,0.3572,-0.0936,-1.1863,-0.2483,40.751575,-73.85584,Driver Inattention/Distraction; Failure To Yield Right-Of-Way
AVIATION ROAD @ FLATBUSH AVENUE,BROOKLYN,34,0.5294,0.6127,0.3545,-0.1034,-1.3984,-0.2483,40.583725,-73.89372,Driver Inattention/Distraction; Other Vehicular
EASTERN PARKWAY @ TROY AVENUE,BROOKLYN,43,0.4884,0.5824,0.377,-0.1142,-1.6637,-0.2488,40.669098,-73.93666,Driver Inattention/Distraction; Failure To Yield Right-Of-Way
EAST 96 STREET @ FRANKLIN D ROOSEVELT DRIVE,MANHATTAN,27,0.2963,0.3589,0.3726,-0.0827,-0.9728,-0.2494,40.782887,-73.94389,Driver Inattention/Distraction; Following Too Closely
MEEKER AVENUE @ UNION AVENUE,BROOKLYN,42,0.5,0.607,0.3702,-0.1271,-2.0199,-0.2505,40.715443,-73.95185,Driver Inattention/Distraction; Failure To Yield Right-Of-Way
BEACH CHANNEL DRIVE @ MOTT AVENUE,QUEENS,29,0.4138,0.4967,0.3656,-0.1031,-1.3631,-0.2513,40.605335,-73.75527,Driver Inattention/Distraction; Failure To Yield Right-Of-Way
I 678 @ LINDEN BOULEVARD,QUEENS,30,0.4333,0.5041,0.3544,-0.0909,-1.0953,-0.2535,40.682934,-73.80577,Driver Inattention/Distraction; Traffic Control Disregarded
POST AVENUE @ WEST 207 STREET,MANHATTAN,38,0.2105,0.3125,0.3549,-0.1222,-1.8207,-0.2536,40.864807,-73.919365,Driver Inattention/Distraction; Turning Improperly
11 AVENUE @ WEST 40 STREET,MANHATTAN,60,0.15,0.2889,0.3564,-0.159,-3.2637,-0.2545,40.759525,-73.99925,Passing Too Closely; Passing Or Lane Usage Improper
HYLAN BOULEVARD @ NELSON AVENUE,STATEN ISLAND,27,0.4444,0.5071,0.3462,-0.0828,-0.9341,-0.2565,40.54243,-74.145905,Driver Inattention/Distraction; Failure To Yield Right-Of-Way
FORT WASHINGTON AVENUE @ WEST 179 STREET,MANHATTAN,25,0.32,0.4008,0.3507,-0.101,-1.2646,-0.2575,40.84929,-73.938934,Driver Inattention/Distraction; Failure To Yield Right-Of-Way
JOHNSON AVENUE @ MORGAN AVENUE,BROOKLYN,28,0.4286,0.5261,0.3586,-0.1177,-1.645,-0.2579,40.707783,-73.932076,Driver Inattention/Distraction; Passing Or Lane Usage Improper
6 AVENUE @ BERGEN STREET,BROOKLYN,29,0.3103,0.3985,0.3659,-0.1083,-1.4169,-0.258,40.680733,-73.97451,Driver Inattention/Distraction; Passing Too Closely
99 STREET @ HORACE HARDING EXPRESSWAY,QUEENS,31,0.3871,0.4774,0.3486,-0.1105,-1.4536,-0.2595,40.73594,-73.85887,Driver Inattention/Distraction; Failure To Yield Right-Of-Way
CONDUIT BOULEVARD @ LIBERTY AVENUE,BROOKLYN,51,0.3529,0.4678,0.3558,-0.135,-2.117,-0.26,40.67798,-73.872116,Driver Inattention/Distraction; Following Too Closely
BROADWAY @ MARCY AVENUE,BROOKLYN,29,0.4138,0.5036,0.3629,-0.11,-1.4341,-0.2603,40.708424,-73.95791,Driver Inattention/Distraction; Other Vehicular
JAY STREET @ TILLARY STREET,BROOKLYN,75,0.3733,0.5219,0.3598,-0.1687,-3.6084,-0.2603,40.696133,-73.98711,Driver Inattention/Distraction; Failure To Yield Right-Of-Way
ATLANTIC AVENUE @ BOERUM PLACE,BROOKLYN,51,0.2549,0.3785,0.3494,-0.1438,-2.4028,-0.261,40.689137,-73.990715,Driver Inattention/Distraction; Following Too Closely
CANAL STREET @ HUDSON STREET,MANHATTAN,47,0.234,0.3584,0.3396,-0.1445,-2.4261,-0.2612,40.723698,-74.00791,Driver Inattention/Distraction; Passing Too Closely
2 AVENUE @ EAST 64 STREET,MANHATTAN,27,0.4815,0.5743,0.3162,-0.1129,-1.4818,-0.2623,40.763733,-73.962074,Driver Inattention/Distraction; Driver Inexperience
EAST 149 STREET @ WALTON AVENUE,BRONX,29,0.4828,0.5721,0.3576,-0.1095,-1.4012,-0.2626,40.81881,-73.92828,Driver Inattention/Distraction; Failure To Yield Right-Of-Way
BEDFORD AVENUE @ PARK AVENUE,BROOKLYN,28,0.3929,0.484,0.3475,-0.1113,-1.4394,-0.2628,40.696785,-73.95659,Driver Inattention/Distraction; Following Too Closely
DEAN STREET @ FLATBUSH AVENUE,BROOKLYN,26,0.3846,0.4696,0.3715,-0.1052,-1.3044,-0.2632,40.681835,-73.97584,Driver Inattention/Distraction; Passing Or Lane Usage Improper
5 AVENUE @ FLATBUSH AVENUE,BROOKLYN,25,0.48,0.5608,0.3682,-0.101,-1.2182,-0.2634,40.68251,-73.976326,Driver Inattention/Distraction; Following Too Closely
COLLEGE POINT BOULEVARD @ ROOSEVELT AVENUE,QUEENS,47,0.383,0.5082,0.3583,-0.1453,-2.4043,-0.2638,40.75829,-73.834305,Failure To Yield Right-Of-Way; Driver Inattention/Distraction
HUTCHINSON RIVER PARKWAY @ NEW ENGLAND THRUWAY,BRONX,25,0.32,0.3798,0.3467,-0.0799,-0.8517,-0.2639,40.861183,-73.828125,Following Too Closely; Driver Inattention/Distraction
36 AVENUE @ VERNON BOULEVARD,QUEENS,28,0.5714,0.669,0.3595,-0.1177,-1.5766,-0.2641,40.761993,-73.942474,Failure To Yield Right-Of-Way; Driver Inattention/Distraction
BOSTON ROAD @ PELHAM PARKWAY,BRONX,55,0.3273,0.4493,0.3572,-0.1422,-2.2749,-0.2648,40.858063,-73.86819,Driver Inattention/Distraction; Other Vehicular
BRUCKNER BOULEVARD @ BRYANT AVENUE,BRONX,36,0.3333,0.4305,0.3319,-0.1173,-1.5578,-0.265,40.82186,-73.88834,Driver Inattention/Distraction; Following Too Closely
NEPTUNE AVENUE @ STILLWELL AVENUE,BROOKLYN,36,0.4722,0.5743,0.3659,-0.1223,-1.6626,-0.2664,40.579199,-73.981945,Driver Inattention/Distraction; Failure To Yield Right-Of-Way
92 STREET @ GATLING PLACE,BROOKLYN,28,0.3571,0.446,0.3725,-0.1091,-1.3576,-0.2665,40.61651,-74.02666,Failure To Yield Right-Of-Way; Following Too Closely
ELDER AVENUE @ MAIN STREET,QUEENS,25,0.6,0.709,0.3683,-0.1292,-1.8359,-0.2671,40.75097,-73.825775,Failure To Yield Right-Of-Way; Alcohol Involvement
HORACE HARDING EXPRESSWAY @ JUNCTION BOULEVARD,QUEENS,35,0.3714,0.4718,0.3622,-0.1206,-1.6002,-0.2682,40.733776,-73.86632,Driver Inattention/Distraction; Following Too Closely
JUNCTION BOULEVARD @ NORTHERN BOULEVARD,QUEENS,25,0.52,0.5959,0.3536,-0.0961,-1.0919,-0.2685,40.7568,-73.873665,Driver Inattention/Distraction; Traffic Control Disregarded
BROADWAY @ WEST 183 STREET,MANHATTAN,32,0.2812,0.3878,0.3711,-0.1267,-1.7376,-0.2697,40.851437,-73.93508,Driver Inattention/Distraction; Following Too Closely
BROADWAY @ EASTERN PARKWAY,BROOKLYN,29,0.4483,0.5405,0.3634,-0.1124,-1.3954,-0.2702,40.680035,-73.9055,Driver Inattention/Distraction; Following Too Closely
9 AVENUE @ WEST 30 STREET,MANHATTAN,40,0.275,0.4108,0.3355,-0.1559,-2.6494,-0.2713,40.750904,-73.99812,Driver Inattention/Distraction; Failure To Yield Right-Of-Way
SPRINGFIELD BOULEVARD @ UNION TURNPIKE,QUEENS,28,0.3571,0.4437,0.3576,-0.1067,-1.2681,-0.2715,40.73578,-73.746544,Driver Inattention/Distraction; Turning Improperly
2 AVENUE @ EAST 20 STREET,MANHATTAN,26,0.5385,0.6384,0.3247,-0.1201,-1.5511,-0.2718,40.73602,-73.98228,Failure To Yield Right-Of-Way; Driver Inattention/Distraction
MEEKER AVENUE @ METROPOLITAN AVENUE,BROOKLYN,25,0.28,0.3681,0.3656,-0.1083,-1.2847,-0.2735,40.71406,-73.95292,Driver Inattention/Distraction; Failure To Yield Right-Of-Way
2 AVENUE @ EAST 61 STREET,MANHATTAN,36,0.4167,0.5423,0.3383,-0.1458,-2.2305,-0.2739,40.761856,-73.96343,Driver Inattention/Distraction; Failure To Yield Right-Of-Way
ATLANTIC AVENUE @ EUCLID AVENUE,BROOKLYN,27,0.4074,0.5039,0.3723,-0.1166,-1.444,-0.2749,40.681095,-73.87359,Failure To Yield Right-Of-Way; Backing Unsafely
LONG ISLAND EXPRESSWAY @ UTOPIA PARKWAY,QUEENS,32,0.3125,0.4051,0.3612,-0.1127,-1.3506,-0.2764,40.738865,-73.79294,Driver Inattention/Distraction; Passing Or Lane Usage Improper
CANAL STREET @ WEST BROADWAY,MANHATTAN,34,0.2941,0.412,0.3492,-0.1381,-1.9461,-0.2772,40.72135,-74.00465,Driver Inattention/Distraction; Failure To Yield Right-Of-Way
EASTERN PARKWAY @ KINGSTON AVENUE,BROOKLYN,39,0.3846,0.5056,0.3755,-0.1412,-2.018,-0.2783,40.669403,-73.9422,Driver Inattention/Distraction; Backing Unsafely
MORRIS STREET @ WEST STREET,MANHATTAN,62,0.1613,0.3128,0.349,-0.1717,-3.1199,-0.2795,40.7067,-74.01605,Driver Inattention/Distraction; Following Too Closely
JEFFERSON STREET @ KNICKERBOCKER AVENUE,BROOKLYN,27,0.3704,0.487,0.3781,-0.1368,-1.8781,-0.2796,40.703667,-73.926895,Driver Inattention/Distraction; Failure To Yield Right-Of-Way
ALLEN STREET @ EAST HOUSTON STREET,MANHATTAN,31,0.4194,0.5328,0.3563,-0.1336,-1.7832,-0.2804,40.72293,-73.98865,Driver Inattention/Distraction; Following Too Closely
ATLANTIC AVENUE @ ROCHESTER AVENUE,BROOKLYN,30,0.4,0.5057,0.3648,-0.1259,-1.592,-0.2809,40.67725,-73.927536,Driver Inattention/Distraction; Failure To Yield Right-Of-Way
ATLANTIC AVENUE @ HENDRIX STREET,BROOKLYN,42,0.3095,0.4378,0.3563,-0.1484,-2.1682,-0.2825,40.676598,-73.89038,Driver Inattention/Distraction; Failure To Yield Right-Of-Way
CROPSEY AVENUE @ NEPTUNE AVENUE,BROOKLYN,32,0.2812,0.3947,0.361,-0.1336,-1.7422,-0.2838,40.578938,-73.98522,Driver Inattention/Distraction; Failure To Yield Right-Of-Way
CONEY ISLAND AVENUE @ NEPTUNE AVENUE,BROOKLYN,25,0.44,0.5373,0.3726,-0.1175,-1.381,-0.2842,40.58196,-73.959946,Driver Inattention/Distraction; Failure To Yield Right-Of-Way
GRAND CENTRAL PARKWAY @ HOME LAWN STREET,UNKNOWN,26,0.2692,0.3588,0.3588,-0.1098,-1.2192,-0.2862,,,Driver Inattention/Distraction; Other Vehicular
48 STREET @ QUEENS BOULEVARD,QUEENS,26,0.3846,0.486,0.3451,-0.1215,-1.4334,-0.2876,40.742943,-73.91685,Driver Inattention/Distraction; Alcohol Involvement
GLENWOOD ROAD @ ROCKAWAY PARKWAY,BROOKLYN,31,0.4516,0.5766,0.3736,-0.1452,-1.9895,-0.2882,40.645134,-73.90232,Driver Inattention/Distraction; Failure To Yield Right-Of-Way
1 AVENUE @ EAST 61 STREET,MANHATTAN,30,0.4,0.5259,0.3382,-0.1461,-1.9977,-0.2894,40.760857,-73.961075,Driver Inattention/Distraction; Failure To Yield Right-Of-Way
47 AVENUE @ VANDAM STREET,QUEENS,30,0.2667,0.3825,0.319,-0.136,-1.725,-0.2905,40.742874,-73.933945,Driver Inattention/Distraction; Passing Or Lane Usage Improper
BROADWAY @ WHITNEY AVENUE,QUEENS,30,0.4667,0.5875,0.3498,-0.141,-1.8393,-0.2912,40.741295,-73.88029,Driver Inattention/Distraction; Driver Inexperience
LENOX AVENUE @ WEST 116 STREET,MANHATTAN,33,0.3636,0.5046,0.3527,-0.1611,-2.3221,-0.2971,40.80202,-73.94969,Driver Inattention/Distraction; Passing Or Lane Usage Improper
BROADWAY @ QUEENS BOULEVARD,QUEENS,25,0.44,0.5565,0.3701,-0.1366,-1.6614,-0.2978,40.73675,-73.87768,Driver Inattention/Distraction; Failure To Yield Right-Of-Way
78 AVENUE @ QUEENS BOULEVARD,QUEENS,38,0.3158,0.4548,0.3603,-0.1592,-2.2436,-0.2983,40.71512,-73.83224,Driver Inattention/Distraction; Following Too Closely
EAST 161 STREET @ SHERMAN AVENUE,BRONX,25,0.24,0.3626,0.3309,-0.1428,-1.7881,-0.2993,40.826153,-73.920265,Driver Inattention/Distraction; Passing Too Closely
7 AVENUE @ WEST 36 STREET,MANHATTAN,27,0.4074,0.5339,0.3533,-0.1467,-1.8802,-0.2996,40.75228,-73.98969,Driver Inattention/Distraction; Passing Or Lane Usage Improper
86 STREET @ GATLING PLACE,BROOKLYN,28,0.3214,0.4408,0.3635,-0.1396,-1.7062,-0.2999,40.619976,-74.02369,Driver Inattention/Distraction; Failure To Yield Right-Of-Way
3 AVENUE @ EAST 21 STREET,MANHATTAN,27,0.4074,0.5332,0.342,-0.146,-1.8556,-0.3002,40.737545,-73.98409,Driver Inattention/Distraction; Passenger Distraction
BAY PARKWAY @ SHORE PARKWAY,UNKNOWN,37,0.2973,0.4329,0.3664,-0.1558,-2.0688,-0.3034,,,Driver Inattention/Distraction; Failure To Yield Right-Of-Way
4 AVENUE @ FLATBUSH AVENUE,BROOKLYN,28,0.25,0.3813,0.359,-0.1514,-1.9526,-0.3035,40.684856,-73.97805,Driver Inattention/Distraction; Passing Or Lane Usage Improper
41 AVENUE @ MAIN STREET,QUEENS,26,0.3462,0.4947,0.3485,-0.1687,-2.357,-0.309,40.75855,-73.82964,Failure To Yield Right-Of-Way; Following Too Closely
188 STREET @ HILLSIDE AVENUE,QUEENS,25,0.32,0.4395,0.3566,-0.1396,-1.585,-0.3123,40.71512,-73.77358,Driver Inattention/Distraction; Turning Improperly
41 AVENUE @ BELL BOULEVARD,QUEENS,26,0.3462,0.4821,0.38,-0.1561,-1.9586,-0.3124,40.7636,-73.77097,Driver Inattention/Distraction; Driver Inexperience
CROSS ISLAND PARKWAY @ LONG ISLAND EXPRESSWAY,QUEENS,35,0.2857,0.4216,0.3769,-0.1561,-1.955,-0.3126,40.753647,-73.74439,Driver Inattention/Distraction; Following Too Closely
BROADWAY @ ROEBLING STREET,BROOKLYN,27,0.3704,0.5077,0.3697,-0.1575,-1.9903,-0.3126,40.70955,-73.961205,Driver Inattention/Distraction; Failure To Yield Right-Of-Way
FRANKLIN AVENUE @ MAIN STREET,QUEENS,26,0.2308,0.3677,0.3499,-0.1571,-1.9734,-0.3132,40.754251,-73.827832,Driver Inattention/Distraction; Failure To Yield Right-Of-Way
BAINBRIDGE AVENUE @ EAST GUN HILL ROAD,BRONX,42,0.2381,0.4109,0.3382,-0.1929,-3.1425,-0.3132,40.881073,-73.878494,Following Too Closely; Failure To Yield Right-Of-Way
LAURELTON PARKWAY @ MERRICK BOULEVARD,QUEENS,37,0.3243,0.474,0.3482,-0.1698,-2.2131,-0.3202,40.673992,-73.73508,Driver Inattention/Distraction; Failure To Yield Right-Of-Way
EAST 233 STREET @ JEROME AVENUE,BRONX,27,0.1481,0.2869,0.3409,-0.1589,-1.9169,-0.3213,40.895447,-73.88002,Passing Or Lane Usage Improper; Unsafe Speed
EAST MOUNT EDEN AVENUE @ JEROME AVENUE,BRONX,33,0.303,0.4651,0.3467,-0.1822,-2.5,-0.325,40.844345,-73.91474,Driver Inattention/Distraction; Failure To Yield Right-Of-Way
EAST 169 STREET @ GERARD AVENUE,BRONX,26,0.1923,0.3336,0.3674,-0.1615,-1.9338,-0.3252,40.837673,-73.91921,Driver Inattention/Distraction; Backing Unsafely
GRAND STREET @ METROPOLITAN AVENUE,BROOKLYN,26,0.2308,0.3787,0.3637,-0.1681,-2.081,-0.3263,40.714222,-73.93148,Driver Inattention/Distraction; Following Too Closely
MEEKER AVENUE @ MORGAN AVENUE,BROOKLYN,34,0.3529,0.5109,0.3631,-0.1781,-2.3452,-0.327,40.723347,-73.939316,Driver Inattention/Distraction; Oversized Vehicle
BEDFORD AVENUE @ MYRTLE AVENUE,BROOKLYN,25,0.24,0.3925,0.3713,-0.1727,-2.1907,-0.3272,40.694576,-73.95614,Driver Inattention/Distraction; Passing Or Lane Usage Improper
EMPIRE BOULEVARD @ NOSTRAND AVENUE,BROOKLYN,27,0.4444,0.5924,0.3891,-0.1681,-2.0645,-0.3277,40.663906,-73.95098,Driver Inattention/Distraction; Failure To Yield Right-Of-Way
BROOKLYN AVENUE @ EASTERN PARKWAY,BROOKLYN,29,0.4483,0.5998,0.364,-0.1717,-2.149,-0.3283,40.669553,-73.94497,Driver Inattention/Distraction; Failure To Yield Right-Of-Way
MARCY AVENUE @ METROPOLITAN AVENUE,BROOKLYN,27,0.2222,0.3803,0.3651,-0.1782,-2.2677,-0.3322,40.71407,-73.954346,Driver Inattention/Distraction; Passing Or Lane Usage Improper
FOREST AVENUE @ RICHMOND AVENUE,STATEN ISLAND,29,0.3448,0.4983,0.323,-0.1737,-2.1306,-0.3334,40.625103,-74.14877,Driver Inattention/Distraction; Failure To Yield Right-Of-Way
51 AVENUE @ VERNON BOULEVARD,QUEENS,26,0.2692,0.4217,0.3441,-0.1726,-2.0904,-0.3344,40.742043,-73.95436,Driver Inattention/Distraction; Other Vehicular
2 AVENUE @ EAST 106 STREET,MANHATTAN,28,0.3214,0.4874,0.3482,-0.1861,-2.4426,-0.3355,40.790627,-73.942444,Driver Inattention/Distraction; Failure To Yield Right-Of-Way
BRUCKNER BOULEVARD @ LAFAYETTE AVENUE,BRONX,26,0.3077,0.4491,0.3428,-0.1615,-1.8178,-0.3357,40.81614,-73.894875,Driver Inattention/Distraction; Failure To Yield Right-Of-Way
50 AVENUE @ VERNON BOULEVARD,QUEENS,29,0.1724,0.3347,0.3319,-0.1824,-2.3259,-0.3361,40.74273,-73.95412,Driver Inattention/Distraction; Passing Too Closely
DYER AVENUE @ WEST 41 STREET,MANHATTAN,28,0.2857,0.4691,0.3421,-0.2035,-2.9908,-0.3369,40.758377,-73.99438,Failure To Yield Right-Of-Way; Passing Too Closely
57 AVENUE @ JUNCTION BOULEVARD,QUEENS,26,0.4615,0.6289,0.3522,-0.1875,-2.4397,-0.3381,40.73664,-73.86584,Failure To Yield Right-Of-Way; Driver Inattention/Distraction
10 AVENUE @ WEST 39 STREET,MANHATTAN,32,0.1562,0.3465,0.3509,-0.2104,-3.1118,-0.3429,40.757732,-73.996855,Driver Inattention/Distraction; Passing Too Closely
KINGSLAND AVENUE @ MEEKER AVENUE,BROOKLYN,28,0.1429,0.3066,0.3598,-0.1839,-2.2526,-0.344,40.7219,-73.94103,Driver Inattention/Distraction; Alcohol Involvement
GREENPOINT AVENUE @ HUNTERS POINT AVENUE,QUEENS,29,0.2069,0.3674,0.3417,-0.1807,-2.1682,-0.344,40.737537,-73.929955,Driver Inattention/Distraction; Following Too Closely
COLLEGE POINT BOULEVARD @ LONG ISLAND EXPRESSWAY,QUEENS,27,0.2593,0.4041,0.3688,-0.165,-1.7974,-0.3449,40.743355,-73.837234,Driver Inattention/Distraction; Following Too Closely
2 AVENUE @ EAST 62 STREET,MANHATTAN,30,0.3,0.4851,0.3348,-0.2052,-2.8451,-0.3466,40.762486,-73.96298,Driver Inattention/Distraction; Failure To Yield Right-Of-Way
MANOR ROAD @ ROCKLAND AVENUE,STATEN ISLAND,30,0.3333,0.4959,0.3228,-0.1827,-2.1326,-0.3506,40.582756,-74.13041,Driver Inattention/Distraction; Pavement Slippery
EAST HOUSTON STREET @ FDR DRIVE,MANHATTAN,34,0.1765,0.3669,0.3512,-0.2106,-2.8302,-0.3564,40.71886,-73.97492,Driver Inattention/Distraction; Traffic Control Disregarded
LORTEL AVENUE @ SLOSSON AVENUE,STATEN ISLAND,27,0.2222,0.3909,0.3301,-0.1889,-2.1964,-0.3574,40.610085,-74.11668,Driver Inattention/Distraction; Reaction To Uninvolved Vehicle
EAST 96 STREET @ PARK AVENUE,MANHATTAN,26,0.1538,0.3332,0.3411,-0.1995,-2.4717,-0.3577,40.786545,-73.95256,Driver Inattention/Distraction; Other Vehicular
10 AVENUE @ WEST 30 STREET,MANHATTAN,41,0.0732,0.3084,0.346,-0.2554,-4.2732,-0.3725,40.752056,-74.00099,Passing Too Closely; Turning Improperly
AVENUE OF THE AMERICAS @ CANAL STREET,MANHATTAN,34,0.2647,0.4862,0.352,-0.2416,-3.5788,-0.3739,40.72225,-74.00592,Driver Inattention/Distraction; Following Too Closely
ATLANTIC AVENUE @ SCHENCK AVENUE,BROOKLYN,25,0.32,0.4973,0.3583,-0.1974,-2.1563,-0.3769,40.67677,-73.88949,Driver Inattention/Distraction; Traffic Control Disregarded
AUSTIN STREET @ YELLOWSTONE BOULEVARD,QUEENS,33,0.1212,0.3895,0.3528,-0.2884,-3.8096,-0.4369,40.722584,-73.8509,Driver Inattention/Distraction; Failure To Yield Right-Of-Way
BROADWAY @ DYCKMAN STREET,MANHATTAN,26,0.1538,0.4316,0.3707,-0.298,-3.4485,-0.4673,40.865536,-73.92728,Driver Inattention/Distraction; Passing Or Lane Usage Improper
EAST 181 STREET @ RYER AVENUE,BRONX,25,0.04,0.3368,0.3292,-0.3169,-3.8964,-0.4763,40.85429,-73.90027,Driver Inattention/Distraction; Alcohol Involvement
LIBERTY STREET @ WEST STREET,MANHATTAN,34,0.2647,0.599,0.3407,-0.3545,-5.149,-0.4894,40.711033,-74.014537,Driver Inattention/Distraction; View Obstructed/Limited
